temperature,apparent_temperature,precipitation,rain,cloud_cover,wind_speed,humidity,weather_code,time_slot,weather_clear,weather_cloudy,weather_fog,weather_drizzle,weather_rain,weather_snow,weather_thunder,is_precipitating,is_hot,is_humid
23.1,24.7,0.0,0.0,0,8.4,72,0,2015-08-01 00:00:00,1,0,0,0,0,0,0,0,0,0
22.5,23.8,0.0,0.0,1,10.2,75,0,2015-08-01 01:00:00,1,0,0,0,0,0,0,0,0,0
22.3,23.3,0.0,0.0,3,12.0,75,0,2015-08-01 02:00:00,1,0,0,0,0,0,0,0,0,0
22.0,22.5,0.0,0.0,7,12.2,71,0,2015-08-01 03:00:00,1,0,0,0,0,0,0,0,0,0
21.9,22.3,0.0,0.0,17,12.6,71,0,2015-08-01 04:00:00,1,0,0,0,0,0,0,0,0,0
21.8,22.1,0.0,0.0,26,12.6,71,1,2015-08-01 05:00:00,1,0,0,0,0,0,0,0,0,0
21.5,22.7,0.0,0.0,13,7.1,73,0,2015-08-01 06:00:00,1,0,0,0,0,0,0,0,0,0
21.8,22.9,0.0,0.0,2,9.2,73,0,2015-08-01 07:00:00,1,0,0,0,0,0,0,0,0,0
23.8,24.7,0.0,0.0,8,8.7,64,0,2015-08-01 08:00:00,1,0,0,0,0,0,0,0,0,0
25.4,26.1,0.0,0.0,39,10.0,57,1,2015-08-01 09:00:00,1,0,0,0,0,0,0,0,0,0
26.8,27.3,0.0,0.0,42,11.4,53,1,2015-08-01 10:00:00,1,0,0,0,0,0,0,0,0,0
28.3,28.9,0.0,0.0,36,12.5,48,1,2015-08-01 11:00:00,1,0,0,0,0,0,0,0,0,0
29.6,30.6,0.0,0.0,27,14.1,43,1,2015-08-01 12:00:00,1,0,0,0,0,0,0,0,0,0
29.2,29.4,0.4,0.4,29,15.4,43,51,2015-08-01 13:00:00,0,0,0,1,0,0,0,1,0,0
28.8,28.0,0.3,0.3,23,17.0,42,51,2015-08-01 14:00:00,0,0,0,1,0,0,0,1,0,0
29.8,28.2,0.0,0.0,28,16.6,34,1,2015-08-01 15:00:00,1,0,0,0,0,0,0,0,0,0
30.3,29.1,0.0,0.0,38,16.2,32,1,2015-08-01 16:00:00,1,0,0,0,0,0,0,0,1,0
30.0,28.4,0.0,0.0,41,14.6,33,1,2015-08-01 17:00:00,1,0,0,0,0,0,0,0,1,0
29.7,28.6,0.0,0.0,28,11.4,33,1,2015-08-01 18:00:00,1,0,0,0,0,0,0,0,0,0
28.5,28.1,0.0,0.0,32,9.2,39,1,2015-08-01 19:00:00,1,0,0,0,0,0,0,0,0,0
26.7,27.0,0.0,0.0,12,7.9,48,0,2015-08-01 20:00:00,1,0,0,0,0,0,0,0,0,0
24.9,25.2,0.0,0.0,26,7.4,51,1,2015-08-01 21:00:00,1,0,0,0,0,0,0,0,0,0
23.3,24.0,0.0,0.0,37,6.3,59,1,2015-08-01 22:00:00,1,0,0,0,0,0,0,0,0,0
22.2,23.1,0.0,0.0,35,5.8,65,1,2015-08-01 23:00:00,1,0,0,0,0,0,0,0,0,0
21.9,22.7,0.0,0.0,15,6.1,66,0,2015-08-02 00:00:00,1,0,0,0,0,0,0,0,0,0
21.2,22.1,0.0,0.0,5,6.5,71,0,2015-08-02 01:00:00,1,0,0,0,0,0,0,0,0,0
20.1,21.0,0.0,0.0,2,7.3,77,0,2015-08-02 02:00:00,1,0,0,0,0,0,0,0,0,0
19.1,19.9,0.0,0.0,1,7.6,80,0,2015-08-02 03:00:00,1,0,0,0,0,0,0,0,0,1
18.6,19.3,0.0,0.0,0,8.0,82,0,2015-08-02 04:00:00,1,0,0,0,0,0,0,0,0,1
18.2,18.8,0.0,0.0,0,8.0,82,0,2015-08-02 05:00:00,1,0,0,0,0,0,0,0,0,1
18.1,19.1,0.0,0.0,1,5.0,82,0,2015-08-02 06:00:00,1,0,0,0,0,0,0,0,0,1
19.5,20.9,0.0,0.0,0,4.4,80,0,2015-08-02 07:00:00,1,0,0,0,0,0,0,0,0,1
23.1,24.7,0.0,0.0,2,2.0,63,0,2015-08-02 08:00:00,1,0,0,0,0,0,0,0,0,0
25.4,26.2,0.0,0.0,25,1.1,46,1,2015-08-02 09:00:00,1,0,0,0,0,0,0,0,0,0
26.8,27.1,0.0,0.0,42,2.9,39,1,2015-08-02 10:00:00,1,0,0,0,0,0,0,0,0,0
27.8,28.6,0.0,0.0,59,5.4,35,2,2015-08-02 11:00:00,0,1,0,0,0,0,0,0,0,0
28.7,29.9,0.0,0.0,8,7.0,33,0,2015-08-02 12:00:00,1,0,0,0,0,0,0,0,0,0
29.4,30.4,0.0,0.0,21,8.8,31,1,2015-08-02 13:00:00,1,0,0,0,0,0,0,0,0,0
29.7,29.4,0.0,0.0,62,10.5,31,2,2015-08-02 14:00:00,0,1,0,0,0,0,0,0,0,0
29.2,28.4,0.0,0.0,69,11.0,36,2,2015-08-02 15:00:00,0,1,0,0,0,0,0,0,0,0
28.9,28.2,0.0,0.0,86,11.5,38,3,2015-08-02 16:00:00,0,1,0,0,0,0,0,0,0,0
28.7,28.4,0.0,0.0,72,10.8,40,2,2015-08-02 17:00:00,0,1,0,0,0,0,0,0,0,0
28.3,28.4,0.0,0.0,7,9.6,43,0,2015-08-02 18:00:00,1,0,0,0,0,0,0,0,0,0
27.4,28.0,0.0,0.0,2,8.9,48,0,2015-08-02 19:00:00,1,0,0,0,0,0,0,0,0,0
25.8,27.2,0.0,0.0,2,6.7,58,0,2015-08-02 20:00:00,1,0,0,0,0,0,0,0,0,0
24.5,26.0,0.0,0.0,4,7.0,64,0,2015-08-02 21:00:00,1,0,0,0,0,0,0,0,0,0
23.8,25.5,0.0,0.0,1,7.2,69,0,2015-08-02 22:00:00,1,0,0,0,0,0,0,0,0,0
23.2,24.7,0.0,0.0,1,8.3,72,0,2015-08-02 23:00:00,1,0,0,0,0,0,0,0,0,0
22.6,23.8,0.0,0.0,0,9.4,72,0,2015-08-03 00:00:00,1,0,0,0,0,0,0,0,0,0
22.0,22.9,0.0,0.0,0,10.6,73,0,2015-08-03 01:00:00,1,0,0,0,0,0,0,0,0,0
21.6,22.2,0.0,0.0,1,11.8,74,0,2015-08-03 02:00:00,1,0,0,0,0,0,0,0,0,0
21.4,21.7,0.0,0.0,0,12.6,72,0,2015-08-03 03:00:00,1,0,0,0,0,0,0,0,0,0
21.2,21.8,0.0,0.0,0,12.5,76,0,2015-08-03 04:00:00,1,0,0,0,0,0,0,0,0,0
20.9,21.9,0.0,0.0,0,10.9,79,0,2015-08-03 05:00:00,1,0,0,0,0,0,0,0,0,0
20.6,22.3,0.0,0.0,0,6.5,83,0,2015-08-03 06:00:00,1,0,0,0,0,0,0,0,0,1
21.3,22.8,0.0,0.0,0,9.2,81,0,2015-08-03 07:00:00,1,0,0,0,0,0,0,0,0,1
23.6,25.0,0.0,0.0,1,9.7,70,0,2015-08-03 08:00:00,1,0,0,0,0,0,0,0,0,0
25.5,26.6,0.0,0.0,0,10.5,61,0,2015-08-03 09:00:00,1,0,0,0,0,0,0,0,0,0
27.3,28.0,0.0,0.0,1,13.4,54,0,2015-08-03 10:00:00,1,0,0,0,0,0,0,0,0,0
28.8,29.6,0.0,0.0,17,15.6,48,0,2015-08-03 11:00:00,1,0,0,0,0,0,0,0,0,0
30.1,31.2,0.0,0.0,24,16.8,43,1,2015-08-03 12:00:00,1,0,0,0,0,0,0,0,1,0
30.8,31.8,0.0,0.0,32,17.6,40,1,2015-08-03 13:00:00,1,0,0,0,0,0,0,0,1,0
31.1,32.0,0.0,0.0,40,16.3,39,1,2015-08-03 14:00:00,1,0,0,0,0,0,0,0,1,0
30.5,30.5,0.0,0.0,48,17.3,40,1,2015-08-03 15:00:00,1,0,0,0,0,0,0,0,1,0
30.6,29.9,0.0,0.0,29,18.6,40,1,2015-08-03 16:00:00,1,0,0,0,0,0,0,0,1,0
30.7,29.7,0.0,0.0,38,18.8,39,1,2015-08-03 17:00:00,1,0,0,0,0,0,0,0,1,0
30.2,30.4,0.0,0.0,92,11.5,41,3,2015-08-03 18:00:00,0,1,0,0,0,0,0,0,1,0
29.3,30.0,0.0,0.0,100,7.9,44,3,2015-08-03 19:00:00,0,1,0,0,0,0,0,0,0,0
28.0,28.7,0.0,0.0,94,10.1,49,3,2015-08-03 20:00:00,0,1,0,0,0,0,0,0,0,0
27.1,27.3,0.0,0.0,34,13.0,52,1,2015-08-03 21:00:00,1,0,0,0,0,0,0,0,0,0
26.1,26.6,0.0,0.0,9,12.7,57,0,2015-08-03 22:00:00,1,0,0,0,0,0,0,0,0,0
25.2,25.9,0.0,0.0,17,12.5,61,0,2015-08-03 23:00:00,1,0,0,0,0,0,0,0,0,0
24.6,25.6,0.0,0.0,35,11.4,65,1,2015-08-04 00:00:00,1,0,0,0,0,0,0,0,0,0
24.0,25.2,0.0,0.0,28,10.2,68,1,2015-08-04 01:00:00,1,0,0,0,0,0,0,0,0,0
23.6,24.9,0.0,0.0,30,9.7,70,1,2015-08-04 02:00:00,1,0,0,0,0,0,0,0,0,0
23.0,25.0,0.0,0.0,43,8.7,77,1,2015-08-04 03:00:00,1,0,0,0,0,0,0,0,0,0
22.7,25.1,0.0,0.0,38,6.9,81,1,2015-08-04 04:00:00,1,0,0,0,0,0,0,0,0,1
22.2,24.8,0.0,0.0,42,7.2,84,1,2015-08-04 05:00:00,1,0,0,0,0,0,0,0,0,1
21.9,25.0,0.0,0.0,80,4.6,88,3,2015-08-04 06:00:00,0,1,0,0,0,0,0,0,0,1
22.5,25.2,0.0,0.0,97,8.2,87,3,2015-08-04 07:00:00,0,1,0,0,0,0,0,0,0,1
24.4,27.2,0.0,0.0,84,7.1,76,3,2015-08-04 08:00:00,0,1,0,0,0,0,0,0,0,0
25.6,27.5,0.0,0.0,58,7.7,64,2,2015-08-04 09:00:00,0,1,0,0,0,0,0,0,0,0
27.1,28.0,0.0,0.0,6,11.6,56,0,2015-08-04 10:00:00,1,0,0,0,0,0,0,0,0,0
28.4,29.8,0.0,0.0,7,14.3,52,0,2015-08-04 11:00:00,1,0,0,0,0,0,0,0,0,0
29.7,31.6,0.0,0.0,15,16.3,49,0,2015-08-04 12:00:00,1,0,0,0,0,0,0,0,0,0
30.9,32.7,0.0,0.0,40,16.4,43,1,2015-08-04 13:00:00,1,0,0,0,0,0,0,0,1,0
31.8,32.8,0.0,0.0,82,16.9,38,3,2015-08-04 14:00:00,0,1,0,0,0,0,0,0,1,0
27.8,29.2,1.2,1.2,81,12.2,58,55,2015-08-04 15:00:00,0,0,0,1,0,0,0,1,0,0
29.1,29.8,0.0,0.0,35,13.8,50,1,2015-08-04 16:00:00,1,0,0,0,0,0,0,0,0,0
30.1,30.1,0.0,0.0,19,14.1,42,0,2015-08-04 17:00:00,1,0,0,0,0,0,0,0,1,0
30.3,29.5,0.0,0.0,13,13.5,37,0,2015-08-04 18:00:00,1,0,0,0,0,0,0,0,1,0
29.6,29.0,0.0,0.0,0,11.5,38,0,2015-08-04 19:00:00,1,0,0,0,0,0,0,0,0,0
27.8,28.1,0.0,0.0,0,8.9,45,0,2015-08-04 20:00:00,1,0,0,0,0,0,0,0,0,0
25.7,26.2,0.0,0.0,0,8.5,53,0,2015-08-04 21:00:00,1,0,0,0,0,0,0,0,0,0
24.0,24.7,0.0,0.0,6,10.0,61,0,2015-08-04 22:00:00,1,0,0,0,0,0,0,0,0,0
22.7,23.4,0.0,0.0,58,9.9,67,2,2015-08-04 23:00:00,0,1,0,0,0,0,0,0,0,0
21.7,22.6,0.0,0.0,79,8.9,72,2,2015-08-05 00:00:00,0,1,0,0,0,0,0,0,0,0
21.2,22.4,0.0,0.0,58,6.0,73,2,2015-08-05 01:00:00,0,1,0,0,0,0,0,0,0,0
21.2,22.5,0.0,0.0,10,4.7,72,0,2015-08-05 02:00:00,1,0,0,0,0,0,0,0,0,0
22.8,24.1,0.0,0.0,8,4.5,65,0,2015-08-05 03:00:00,1,0,0,0,0,0,0,0,0,0
22.3,23.9,0.0,0.0,17,4.2,69,0,2015-08-05 04:00:00,1,0,0,0,0,0,0,0,0,0
20.6,22.0,0.0,0.0,68,5.8,78,2,2015-08-05 05:00:00,0,1,0,0,0,0,0,0,0,0
19.6,21.3,0.0,0.0,92,4.0,83,3,2015-08-05 06:00:00,0,1,0,0,0,0,0,0,0,1
19.5,21.4,0.0,0.0,99,4.7,86,3,2015-08-05 07:00:00,0,1,0,0,0,0,0,0,0,1
22.9,24.4,0.0,0.0,99,5.1,68,3,2015-08-05 08:00:00,0,1,0,0,0,0,0,0,0,0
25.1,25.6,0.0,0.0,69,7.2,52,2,2015-08-05 09:00:00,0,1,0,0,0,0,0,0,0,0
26.9,26.1,0.0,0.0,44,10.4,41,1,2015-08-05 10:00:00,1,0,0,0,0,0,0,0,0,0
27.9,27.5,0.0,0.0,39,11.7,37,1,2015-08-05 11:00:00,1,0,0,0,0,0,0,0,0,0
29.1,29.1,0.0,0.0,35,13.2,32,1,2015-08-05 12:00:00,1,0,0,0,0,0,0,0,0,0
29.6,28.4,0.0,0.0,35,15.3,30,1,2015-08-05 13:00:00,1,0,0,0,0,0,0,0,0,0
30.2,28.7,0.0,0.0,47,16.7,29,1,2015-08-05 14:00:00,1,0,0,0,0,0,0,0,1,0
29.4,27.8,0.0,0.0,60,17.7,36,2,2015-08-05 15:00:00,0,1,0,0,0,0,0,0,0,0
29.4,27.5,0.0,0.0,54,17.4,35,2,2015-08-05 16:00:00,0,1,0,0,0,0,0,0,0,0
28.8,27.0,0.0,0.0,55,17.4,36,2,2015-08-05 17:00:00,0,1,0,0,0,0,0,0,0,0
28.4,26.9,0.0,0.0,34,14.9,37,1,2015-08-05 18:00:00,1,0,0,0,0,0,0,0,0,0
27.5,26.1,0.0,0.0,27,13.8,39,1,2015-08-05 19:00:00,1,0,0,0,0,0,0,0,0,0
26.2,25.5,0.0,0.0,26,11.5,45,1,2015-08-05 20:00:00,1,0,0,0,0,0,0,0,0,0
24.4,24.0,0.0,0.0,15,10.7,51,0,2015-08-05 21:00:00,1,0,0,0,0,0,0,0,0,0
23.2,23.0,0.0,0.0,6,9.2,55,0,2015-08-05 22:00:00,1,0,0,0,0,0,0,0,0,0
22.5,22.5,0.0,0.0,1,6.6,55,0,2015-08-05 23:00:00,1,0,0,0,0,0,0,0,0,0
21.9,21.8,0.0,0.0,0,6.2,55,0,2015-08-06 00:00:00,1,0,0,0,0,0,0,0,0,0
21.3,20.8,0.0,0.0,0,8.1,57,0,2015-08-06 01:00:00,1,0,0,0,0,0,0,0,0,0
20.4,19.8,0.0,0.0,0,9.5,60,0,2015-08-06 02:00:00,1,0,0,0,0,0,0,0,0,0
19.7,18.9,0.0,0.0,7,10.7,63,0,2015-08-06 03:00:00,1,0,0,0,0,0,0,0,0,0
18.9,17.9,0.0,0.0,58,10.8,64,2,2015-08-06 04:00:00,0,1,0,0,0,0,0,0,0,0
17.9,17.2,0.0,0.0,51,9.1,68,2,2015-08-06 05:00:00,0,1,0,0,0,0,0,0,0,0
17.0,17.2,0.0,0.0,60,4.0,75,2,2015-08-06 06:00:00,0,1,0,0,0,0,0,0,0,0
17.5,17.6,0.0,0.0,98,5.9,76,3,2015-08-06 07:00:00,0,1,0,0,0,0,0,0,0,0
20.4,19.8,0.0,0.0,96,6.6,57,3,2015-08-06 08:00:00,0,1,0,0,0,0,0,0,0,0
21.8,21.3,0.0,0.0,100,6.1,51,3,2015-08-06 09:00:00,0,1,0,0,0,0,0,0,0,0
23.2,22.5,0.0,0.0,100,5.8,45,3,2015-08-06 10:00:00,0,1,0,0,0,0,0,0,0,0
24.5,24.0,0.0,0.0,100,8.5,41,3,2015-08-06 11:00:00,0,1,0,0,0,0,0,0,0,0
25.8,25.7,0.0,0.0,100,10.4,38,3,2015-08-06 12:00:00,0,1,0,0,0,0,0,0,0,0
26.8,26.9,0.0,0.0,100,10.8,36,3,2015-08-06 13:00:00,0,1,0,0,0,0,0,0,0,0
27.5,26.8,0.0,0.0,99,11.3,34,3,2015-08-06 14:00:00,0,1,0,0,0,0,0,0,0,0
26.4,26.0,0.0,0.0,100,11.5,46,3,2015-08-06 15:00:00,0,1,0,0,0,0,0,0,0,0
26.3,25.8,0.0,0.0,100,11.3,46,3,2015-08-06 16:00:00,0,1,0,0,0,0,0,0,0,0
26.1,25.7,0.0,0.0,100,9.8,46,3,2015-08-06 17:00:00,0,1,0,0,0,0,0,0,0,0
26.0,26.0,0.0,0.0,100,7.1,45,3,2015-08-06 18:00:00,0,1,0,0,0,0,0,0,0,0
25.4,25.9,0.0,0.0,98,5.1,49,3,2015-08-06 19:00:00,0,1,0,0,0,0,0,0,0,0
24.4,26.1,0.0,0.0,99,3.3,61,3,2015-08-06 20:00:00,0,1,0,0,0,0,0,0,0,0
23.5,25.8,0.0,0.0,100,0.0,66,3,2015-08-06 21:00:00,0,1,0,0,0,0,0,0,0,0
22.7,25.2,0.0,0.0,100,1.3,72,3,2015-08-06 22:00:00,0,1,0,0,0,0,0,0,0,0
22.2,24.9,0.0,0.0,100,0.7,77,3,2015-08-06 23:00:00,0,1,0,0,0,0,0,0,0,0
21.7,24.5,0.0,0.0,100,1.1,81,3,2015-08-07 00:00:00,0,1,0,0,0,0,0,0,0,1
21.4,24.2,0.0,0.0,100,1.8,83,3,2015-08-07 01:00:00,0,1,0,0,0,0,0,0,0,1
21.9,24.6,0.0,0.0,99,2.9,81,3,2015-08-07 02:00:00,0,1,0,0,0,0,0,0,0,1
19.9,21.7,0.0,0.0,98,5.2,85,3,2015-08-07 03:00:00,0,1,0,0,0,0,0,0,0,1
19.3,20.6,0.0,0.0,99,7.5,86,3,2015-08-07 04:00:00,0,1,0,0,0,0,0,0,0,1
18.9,19.7,0.0,0.0,99,9.8,86,3,2015-08-07 05:00:00,0,1,0,0,0,0,0,0,0,1
18.7,19.2,0.0,0.0,100,11.2,85,3,2015-08-07 06:00:00,0,1,0,0,0,0,0,0,0,1
19.2,19.5,0.0,0.0,98,11.8,81,3,2015-08-07 07:00:00,0,1,0,0,0,0,0,0,0,1
21.0,21.2,0.0,0.0,99,12.1,71,3,2015-08-07 08:00:00,0,1,0,0,0,0,0,0,0,0
22.6,22.8,0.0,0.0,98,11.8,65,3,2015-08-07 09:00:00,0,1,0,0,0,0,0,0,0,0
24.0,23.9,0.0,0.0,97,11.3,56,3,2015-08-07 10:00:00,0,1,0,0,0,0,0,0,0,0
25.3,25.4,0.0,0.0,94,10.5,47,3,2015-08-07 11:00:00,0,1,0,0,0,0,0,0,0,0
26.2,27.1,0.0,0.0,77,9.9,43,2,2015-08-07 12:00:00,0,1,0,0,0,0,0,0,0,0
26.9,27.9,0.0,0.0,51,10.0,40,2,2015-08-07 13:00:00,0,1,0,0,0,0,0,0,0,0
27.4,28.5,0.0,0.0,67,10.2,38,2,2015-08-07 14:00:00,0,1,0,0,0,0,0,0,0,0
26.8,26.4,0.0,0.0,70,10.4,44,2,2015-08-07 15:00:00,0,1,0,0,0,0,0,0,0,0
26.9,26.4,0.0,0.0,79,10.5,43,2,2015-08-07 16:00:00,0,1,0,0,0,0,0,0,0,0
26.7,26.3,0.0,0.0,100,9.8,44,3,2015-08-07 17:00:00,0,1,0,0,0,0,0,0,0,0
26.2,26.3,0.0,0.0,73,7.0,46,2,2015-08-07 18:00:00,0,1,0,0,0,0,0,0,0,0
25.3,25.9,0.0,0.0,67,5.4,50,2,2015-08-07 19:00:00,0,1,0,0,0,0,0,0,0,0
24.2,25.3,0.0,0.0,54,4.7,58,2,2015-08-07 20:00:00,0,1,0,0,0,0,0,0,0,0
23.2,24.3,0.0,0.0,44,5.4,63,1,2015-08-07 21:00:00,1,0,0,0,0,0,0,0,0,0
22.6,23.5,0.0,0.0,16,6.8,65,0,2015-08-07 22:00:00,1,0,0,0,0,0,0,0,0,0
21.8,23.0,0.0,0.0,14,6.2,70,0,2015-08-07 23:00:00,1,0,0,0,0,0,0,0,0,0
20.8,22.4,0.0,0.0,11,4.0,76,0,2015-08-08 00:00:00,1,0,0,0,0,0,0,0,0,0
20.0,21.5,0.0,0.0,4,4.7,80,0,2015-08-08 01:00:00,1,0,0,0,0,0,0,0,0,1
19.6,21.1,0.0,0.0,6,5.0,82,0,2015-08-08 02:00:00,1,0,0,0,0,0,0,0,0,1
18.9,20.2,0.0,0.0,5,5.6,85,0,2015-08-08 03:00:00,1,0,0,0,0,0,0,0,0,1
18.4,19.7,0.0,0.0,2,6.1,88,0,2015-08-08 04:00:00,1,0,0,0,0,0,0,0,0,1
18.1,19.4,0.0,0.0,1,6.1,89,0,2015-08-08 05:00:00,1,0,0,0,0,0,0,0,0,1
18.0,19.4,0.0,0.0,95,5.1,90,3,2015-08-08 06:00:00,0,1,0,0,0,0,0,0,0,1
18.8,20.1,0.0,0.0,100,7.3,88,3,2015-08-08 07:00:00,0,1,0,0,0,0,0,0,0,1
21.0,21.8,0.0,0.0,100,7.3,71,3,2015-08-08 08:00:00,0,1,0,0,0,0,0,0,0,0
22.6,22.9,0.0,0.0,98,7.1,59,3,2015-08-08 09:00:00,0,1,0,0,0,0,0,0,0,0
24.0,24.2,0.0,0.0,97,6.5,52,3,2015-08-08 10:00:00,0,1,0,0,0,0,0,0,0,0
25.0,26.2,0.0,0.0,92,5.7,49,3,2015-08-08 11:00:00,0,1,0,0,0,0,0,0,0,0
26.0,27.6,0.0,0.0,94,5.1,45,3,2015-08-08 12:00:00,0,1,0,0,0,0,0,0,0,0
27.0,28.5,0.0,0.0,96,6.2,41,3,2015-08-08 13:00:00,0,1,0,0,0,0,0,0,0,0
27.4,27.9,0.0,0.0,100,6.8,39,3,2015-08-08 14:00:00,0,1,0,0,0,0,0,0,0,0
26.2,26.5,0.0,0.0,100,6.6,47,3,2015-08-08 15:00:00,0,1,0,0,0,0,0,0,0,0
25.8,26.1,0.0,0.0,99,6.5,48,3,2015-08-08 16:00:00,0,1,0,0,0,0,0,0,0,0
25.5,25.9,0.0,0.0,98,6.6,50,3,2015-08-08 17:00:00,0,1,0,0,0,0,0,0,0,0
25.0,25.7,0.0,0.0,99,5.0,52,3,2015-08-08 18:00:00,0,1,0,0,0,0,0,0,0,0
24.2,25.1,0.0,0.0,100,5.1,56,3,2015-08-08 19:00:00,0,1,0,0,0,0,0,0,0,0
23.4,24.3,0.0,0.0,100,5.6,60,3,2015-08-08 20:00:00,0,1,0,0,0,0,0,0,0,0
22.8,23.8,0.0,0.0,100,5.4,62,3,2015-08-08 21:00:00,0,1,0,0,0,0,0,0,0,0
22.3,23.6,0.0,0.0,94,4.2,66,3,2015-08-08 22:00:00,0,1,0,0,0,0,0,0,0,0
21.7,23.3,0.0,0.0,62,3.3,71,2,2015-08-08 23:00:00,0,1,0,0,0,0,0,0,0,0
21.1,22.6,0.0,0.0,35,4.8,75,1,2015-08-09 00:00:00,1,0,0,0,0,0,0,0,0,0
20.7,22.1,0.0,0.0,25,5.4,76,1,2015-08-09 01:00:00,1,0,0,0,0,0,0,0,0,0
20.2,21.8,0.0,0.0,9,3.9,78,0,2015-08-09 02:00:00,1,0,0,0,0,0,0,0,0,0
20.7,22.6,0.0,0.0,11,2.6,78,0,2015-08-09 03:00:00,1,0,0,0,0,0,0,0,0,0
18.7,20.5,0.0,0.0,3,3.6,88,0,2015-08-09 04:00:00,1,0,0,0,0,0,0,0,0,1
18.4,19.7,0.0,0.0,3,7.1,90,0,2015-08-09 05:00:00,1,0,0,0,0,0,0,0,0,1
18.3,20.1,0.0,0.0,8,4.4,91,0,2015-08-09 06:00:00,1,0,0,0,0,0,0,0,0,1
19.1,20.4,0.0,0.0,12,7.7,87,0,2015-08-09 07:00:00,1,0,0,0,0,0,0,0,0,1
21.2,22.0,0.0,0.0,12,7.6,71,0,2015-08-09 08:00:00,1,0,0,0,0,0,0,0,0,0
22.9,23.2,0.0,0.0,11,8.7,60,0,2015-08-09 09:00:00,1,0,0,0,0,0,0,0,0,0
24.4,24.2,0.0,0.0,11,10.2,52,0,2015-08-09 10:00:00,1,0,0,0,0,0,0,0,0,0
25.6,25.9,0.0,0.0,15,11.0,47,0,2015-08-09 11:00:00,1,0,0,0,0,0,0,0,0,0
26.9,27.6,0.0,0.0,53,11.4,42,2,2015-08-09 12:00:00,0,1,0,0,0,0,0,0,0,0
27.4,27.1,0.0,0.0,62,10.7,39,2,2015-08-09 13:00:00,0,1,0,0,0,0,0,0,0,0
27.7,26.9,0.0,0.0,83,10.5,37,3,2015-08-09 14:00:00,0,1,0,0,0,0,0,0,0,0
26.6,26.1,0.0,0.0,90,9.4,43,3,2015-08-09 15:00:00,0,1,0,0,0,0,0,0,0,0
26.7,26.3,0.0,0.0,97,8.2,42,3,2015-08-09 16:00:00,0,1,0,0,0,0,0,0,0,0
26.2,25.8,0.0,0.0,75,9.4,45,2,2015-08-09 17:00:00,0,1,0,0,0,0,0,0,0,0
25.4,25.5,0.0,0.0,16,8.4,49,0,2015-08-09 18:00:00,1,0,0,0,0,0,0,0,0,0
24.3,24.5,0.0,0.0,9,10.1,56,0,2015-08-09 19:00:00,1,0,0,0,0,0,0,0,0,0
23.0,23.5,0.0,0.0,4,10.2,65,0,2015-08-09 20:00:00,1,0,0,0,0,0,0,0,0,0
22.1,23.0,0.0,0.0,7,9.5,70,0,2015-08-09 21:00:00,1,0,0,0,0,0,0,0,0,0
21.5,22.7,0.0,0.0,14,8.7,75,0,2015-08-09 22:00:00,1,0,0,0,0,0,0,0,0,0
21.2,22.6,0.0,0.0,36,8.0,78,1,2015-08-09 23:00:00,1,0,0,0,0,0,0,0,0,0
20.8,22.4,0.0,0.0,17,7.1,81,0,2015-08-10 00:00:00,1,0,0,0,0,0,0,0,0,1
20.2,22.0,0.0,0.0,35,6.4,85,1,2015-08-10 01:00:00,1,0,0,0,0,0,0,0,0,1
19.7,21.7,0.0,0.0,26,5.1,88,1,2015-08-10 02:00:00,1,0,0,0,0,0,0,0,0,1
19.2,21.1,0.0,0.0,27,4.7,90,1,2015-08-10 03:00:00,1,0,0,0,0,0,0,0,0,1
18.7,20.6,0.0,0.0,21,4.7,91,1,2015-08-10 04:00:00,1,0,0,0,0,0,0,0,0,1
18.3,19.9,0.0,0.0,18,5.7,92,0,2015-08-10 05:00:00,1,0,0,0,0,0,0,0,0,1
18.2,20.1,0.0,0.0,19,3.6,92,0,2015-08-10 06:00:00,1,0,0,0,0,0,0,0,0,1
18.8,20.7,0.0,0.0,18,5.4,92,0,2015-08-10 07:00:00,1,0,0,0,0,0,0,0,0,1
21.2,22.8,0.0,0.0,28,6.0,77,1,2015-08-10 08:00:00,1,0,0,0,0,0,0,0,0,0
22.6,23.7,0.0,0.0,27,7.0,68,1,2015-08-10 09:00:00,1,0,0,0,0,0,0,0,0,0
24.0,24.8,0.0,0.0,28,7.8,60,1,2015-08-10 10:00:00,1,0,0,0,0,0,0,0,0,0
25.2,26.6,0.0,0.0,35,9.5,54,1,2015-08-10 11:00:00,1,0,0,0,0,0,0,0,0,0
25.9,26.8,0.0,0.0,56,12.1,51,2,2015-08-10 12:00:00,0,1,0,0,0,0,0,0,0,0
26.1,26.3,0.0,0.0,78,13.6,49,2,2015-08-10 13:00:00,0,1,0,0,0,0,0,0,0,0
26.8,27.6,0.0,0.0,89,13.9,47,3,2015-08-10 14:00:00,0,1,0,0,0,0,0,0,0,0
25.1,24.9,0.0,0.0,94,14.6,56,3,2015-08-10 15:00:00,0,1,0,0,0,0,0,0,0,0
24.4,24.2,0.0,0.0,82,15.3,59,3,2015-08-10 16:00:00,0,1,0,0,0,0,0,0,0,0
23.9,23.7,0.0,0.0,92,15.9,62,3,2015-08-10 17:00:00,0,1,0,0,0,0,0,0,0,0
23.5,23.7,0.0,0.0,91,13.6,64,3,2015-08-10 18:00:00,0,1,0,0,0,0,0,0,0,0
23.1,23.5,0.0,0.0,96,12.4,67,3,2015-08-10 19:00:00,0,1,0,0,0,0,0,0,0,0
22.7,23.5,0.0,0.0,93,11.3,69,3,2015-08-10 20:00:00,0,1,0,0,0,0,0,0,0,0
22.6,23.4,0.0,0.0,91,11.6,71,3,2015-08-10 21:00:00,0,1,0,0,0,0,0,0,0,0
22.6,23.5,0.0,0.0,97,11.6,72,3,2015-08-10 22:00:00,0,1,0,0,0,0,0,0,0,0
22.5,23.3,0.0,0.0,99,12.3,73,3,2015-08-10 23:00:00,0,1,0,0,0,0,0,0,0,0
22.5,23.5,0.0,0.0,100,11.8,73,3,2015-08-11 00:00:00,0,1,0,0,0,0,0,0,0,0
22.6,23.5,0.0,0.0,100,12.3,73,3,2015-08-11 01:00:00,0,1,0,0,0,0,0,0,0,0
22.5,23.5,0.3,0.3,100,12.4,75,51,2015-08-11 02:00:00,0,0,0,1,0,0,0,1,0,0
21.9,23.6,0.3,0.3,100,11.5,84,51,2015-08-11 03:00:00,0,0,0,1,0,0,0,1,0,1
21.1,23.1,1.5,1.5,100,11.8,92,61,2015-08-11 04:00:00,0,0,0,0,1,0,0,1,0,1
21.0,23.2,2.1,2.1,100,11.8,94,61,2015-08-11 05:00:00,0,0,0,0,1,0,0,1,0,1
21.2,22.8,3.0,3.0,100,17.2,95,63,2015-08-11 06:00:00,0,0,0,0,1,0,0,1,0,1
21.4,22.8,3.7,3.7,100,18.2,94,63,2015-08-11 07:00:00,0,0,0,0,1,0,0,1,0,1
21.3,22.4,6.2,6.2,100,19.2,92,63,2015-08-11 08:00:00,0,0,0,0,1,0,0,1,0,1
21.0,21.8,4.9,4.9,100,18.8,91,63,2015-08-11 09:00:00,0,0,0,0,1,0,0,1,0,1
20.8,21.9,2.4,2.4,98,17.1,92,61,2015-08-11 10:00:00,0,0,0,0,1,0,0,1,0,1
21.1,22.3,1.2,1.2,98,17.9,93,55,2015-08-11 11:00:00,0,0,0,1,0,0,0,1,0,1
21.5,23.2,0.5,0.5,100,16.4,93,53,2015-08-11 12:00:00,0,0,0,1,0,0,0,1,0,1
22.0,24.5,0.3,0.3,100,12.1,92,51,2015-08-11 13:00:00,0,0,0,1,0,0,0,1,0,1
22.6,25.4,0.3,0.3,97,11.1,91,51,2015-08-11 14:00:00,0,0,0,1,0,0,0,1,0,1
23.7,26.6,0.0,0.0,77,11.0,86,2,2015-08-11 15:00:00,0,1,0,0,0,0,0,0,0,1
25.1,27.9,0.0,0.0,50,11.7,79,2,2015-08-11 16:00:00,0,1,0,0,0,0,0,0,0,0
26.0,28.8,0.0,0.0,67,12.0,75,2,2015-08-11 17:00:00,0,1,0,0,0,0,0,0,0,0
25.7,29.4,0.6,0.6,83,5.0,76,53,2015-08-11 18:00:00,0,0,0,1,0,0,0,1,0,0
23.0,26.6,2.3,2.3,73,4.3,87,61,2015-08-11 19:00:00,0,0,0,0,1,0,0,1,0,1
22.2,25.5,0.6,0.6,97,5.5,90,53,2015-08-11 20:00:00,0,0,0,1,0,0,0,1,0,1
21.8,24.9,0.0,0.0,69,6.2,91,2,2015-08-11 21:00:00,0,1,0,0,0,0,0,0,0,1
21.7,24.5,0.0,0.0,88,8.7,92,3,2015-08-11 22:00:00,0,1,0,0,0,0,0,0,0,1
21.6,23.8,0.0,0.0,99,12.1,92,3,2015-08-11 23:00:00,0,1,0,0,0,0,0,0,0,1
21.4,23.1,0.0,0.0,97,14.1,91,3,2015-08-12 00:00:00,0,1,0,0,0,0,0,0,0,1
21.1,22.5,0.0,0.0,90,13.8,88,3,2015-08-12 01:00:00,0,1,0,0,0,0,0,0,0,1
20.7,21.8,0.0,0.0,82,13.1,86,3,2015-08-12 02:00:00,0,1,0,0,0,0,0,0,0,1
20.2,21.1,0.0,0.0,36,12.5,85,1,2015-08-12 03:00:00,1,0,0,0,0,0,0,0,0,1
19.7,20.4,0.0,0.0,6,12.8,86,0,2015-08-12 04:00:00,1,0,0,0,0,0,0,0,0,1
19.3,19.9,0.0,0.0,9,12.8,87,0,2015-08-12 05:00:00,1,0,0,0,0,0,0,0,0,1
18.9,20.0,0.0,0.0,3,9.2,89,0,2015-08-12 06:00:00,1,0,0,0,0,0,0,0,0,1
19.0,19.9,0.0,0.0,6,11.0,90,0,2015-08-12 07:00:00,1,0,0,0,0,0,0,0,0,1
20.3,21.5,0.0,0.0,2,10.3,85,0,2015-08-12 08:00:00,1,0,0,0,0,0,0,0,0,1
21.5,22.4,0.0,0.0,1,12.5,78,0,2015-08-12 09:00:00,1,0,0,0,0,0,0,0,0,0
22.8,23.6,0.0,0.0,3,12.2,71,0,2015-08-12 10:00:00,1,0,0,0,0,0,0,0,0,0
24.2,25.9,0.0,0.0,12,11.6,65,0,2015-08-12 11:00:00,1,0,0,0,0,0,0,0,0,0
25.3,27.2,0.0,0.0,24,11.9,57,1,2015-08-12 12:00:00,1,0,0,0,0,0,0,0,0,0
25.9,26.8,0.0,0.0,32,12.1,52,1,2015-08-12 13:00:00,1,0,0,0,0,0,0,0,0,0
26.4,26.9,0.0,0.0,31,11.6,49,1,2015-08-12 14:00:00,1,0,0,0,0,0,0,0,0,0
27.3,27.1,0.0,0.0,22,10.8,41,1,2015-08-12 15:00:00,1,0,0,0,0,0,0,0,0,0
27.4,26.5,0.0,0.0,30,11.5,40,1,2015-08-12 16:00:00,1,0,0,0,0,0,0,0,0,0
27.5,26.5,0.0,0.0,37,12.0,39,1,2015-08-12 17:00:00,1,0,0,0,0,0,0,0,0,0
27.0,26.6,0.0,0.0,45,9.3,42,1,2015-08-12 18:00:00,1,0,0,0,0,0,0,0,0,0
25.7,25.6,0.0,0.0,31,9.6,49,1,2015-08-12 19:00:00,1,0,0,0,0,0,0,0,0,0
24.1,23.9,0.0,0.0,26,11.6,55,1,2015-08-12 20:00:00,1,0,0,0,0,0,0,0,0,0
22.7,22.2,0.0,0.0,16,12.2,58,0,2015-08-12 21:00:00,1,0,0,0,0,0,0,0,0,0
21.7,21.4,0.0,0.0,15,10.7,61,0,2015-08-12 22:00:00,1,0,0,0,0,0,0,0,0,0
20.9,20.7,0.0,0.0,10,10.2,65,0,2015-08-12 23:00:00,1,0,0,0,0,0,0,0,0,0
20.3,20.1,0.0,0.0,17,10.5,68,0,2015-08-13 00:00:00,1,0,0,0,0,0,0,0,0,0
19.7,19.7,0.0,0.0,10,9.7,72,0,2015-08-13 01:00:00,1,0,0,0,0,0,0,0,0,0
19.2,19.2,0.0,0.0,5,10.2,75,0,2015-08-13 02:00:00,1,0,0,0,0,0,0,0,0,0
18.6,18.7,0.0,0.0,3,10.2,79,0,2015-08-13 03:00:00,1,0,0,0,0,0,0,0,0,0
18.2,18.3,0.0,0.0,3,9.9,81,0,2015-08-13 04:00:00,1,0,0,0,0,0,0,0,0,1
17.7,17.9,0.0,0.0,3,9.2,83,0,2015-08-13 05:00:00,1,0,0,0,0,0,0,0,0,1
17.2,17.9,0.0,0.0,2,6.3,86,0,2015-08-13 06:00:00,1,0,0,0,0,0,0,0,0,1
17.5,18.1,0.0,0.0,2,7.4,85,0,2015-08-13 07:00:00,1,0,0,0,0,0,0,0,0,1
19.7,20.2,0.0,0.0,1,7.2,74,0,2015-08-13 08:00:00,1,0,0,0,0,0,0,0,0,0
21.1,21.6,0.0,0.0,4,7.2,67,0,2015-08-13 09:00:00,1,0,0,0,0,0,0,0,0,0
22.4,22.9,0.0,0.0,9,6.3,61,0,2015-08-13 10:00:00,1,0,0,0,0,0,0,0,0,0
23.7,25.2,0.0,0.0,41,6.4,55,1,2015-08-13 11:00:00,1,0,0,0,0,0,0,0,0,0
24.7,25.7,0.0,0.0,42,7.9,50,1,2015-08-13 12:00:00,1,0,0,0,0,0,0,0,0,0
25.9,27.5,0.0,0.0,32,8.4,44,1,2015-08-13 13:00:00,1,0,0,0,0,0,0,0,0,0
26.6,27.6,0.0,0.0,28,8.9,39,1,2015-08-13 14:00:00,1,0,0,0,0,0,0,0,0,0
26.7,27.1,0.0,0.0,31,8.4,39,1,2015-08-13 15:00:00,1,0,0,0,0,0,0,0,0,0
27.1,27.0,0.0,0.0,8,7.2,36,0,2015-08-13 16:00:00,1,0,0,0,0,0,0,0,0,0
27.4,26.4,0.0,0.0,13,7.3,34,0,2015-08-13 17:00:00,1,0,0,0,0,0,0,0,0,0
27.3,26.3,0.0,0.0,0,7.1,35,0,2015-08-13 18:00:00,1,0,0,0,0,0,0,0,0,0
25.9,26.4,0.0,0.0,0,4.0,46,0,2015-08-13 19:00:00,1,0,0,0,0,0,0,0,0,0
23.9,25.1,0.0,0.0,0,5.8,62,0,2015-08-13 20:00:00,1,0,0,0,0,0,0,0,0,0
22.1,23.3,0.0,0.0,0,6.5,69,0,2015-08-13 21:00:00,1,0,0,0,0,0,0,0,0,0
21.6,22.7,0.0,0.0,0,6.9,72,0,2015-08-13 22:00:00,1,0,0,0,0,0,0,0,0,0
21.4,22.7,0.0,0.0,0,6.7,75,0,2015-08-13 23:00:00,1,0,0,0,0,0,0,0,0,0
21.0,22.4,0.0,0.0,0,6.5,78,0,2015-08-14 00:00:00,1,0,0,0,0,0,0,0,0,0
21.3,22.8,0.0,0.0,0,6.3,76,0,2015-08-14 01:00:00,1,0,0,0,0,0,0,0,0,0
21.0,22.5,0.0,0.0,0,6.0,77,0,2015-08-14 02:00:00,1,0,0,0,0,0,0,0,0,0
18.1,18.8,0.0,0.0,0,5.1,79,0,2015-08-14 03:00:00,1,0,0,0,0,0,0,0,0,0
17.3,17.9,0.0,0.0,0,6.2,83,0,2015-08-14 04:00:00,1,0,0,0,0,0,0,0,0,1
16.8,17.3,0.0,0.0,0,6.7,86,0,2015-08-14 05:00:00,1,0,0,0,0,0,0,0,0,1
16.8,17.6,0.0,0.0,0,4.3,85,0,2015-08-14 06:00:00,1,0,0,0,0,0,0,0,0,1
17.0,17.7,0.0,0.0,0,5.2,86,0,2015-08-14 07:00:00,1,0,0,0,0,0,0,0,0,1
20.6,21.5,0.0,0.0,5,5.1,71,0,2015-08-14 08:00:00,1,0,0,0,0,0,0,0,0,0
23.1,23.3,0.0,0.0,10,6.2,55,0,2015-08-14 09:00:00,1,0,0,0,0,0,0,0,0,0
25.0,24.5,0.0,0.0,3,7.6,43,0,2015-08-14 10:00:00,1,0,0,0,0,0,0,0,0,0
26.3,26.3,0.0,0.0,2,9.3,38,0,2015-08-14 11:00:00,1,0,0,0,0,0,0,0,0,0
27.3,28.1,0.0,0.0,4,9.3,38,0,2015-08-14 12:00:00,1,0,0,0,0,0,0,0,0,0
28.0,29.5,0.0,0.0,8,8.7,38,0,2015-08-14 13:00:00,1,0,0,0,0,0,0,0,0,0
28.6,30.4,0.0,0.0,6,8.2,38,0,2015-08-14 14:00:00,1,0,0,0,0,0,0,0,0,0
28.9,30.7,0.0,0.0,1,7.4,40,0,2015-08-14 15:00:00,1,0,0,0,0,0,0,0,0,0
29.2,30.5,0.0,0.0,2,7.2,40,0,2015-08-14 16:00:00,1,0,0,0,0,0,0,0,0,0
29.0,29.3,0.0,0.0,1,8.4,42,0,2015-08-14 17:00:00,1,0,0,0,0,0,0,0,0,0
28.1,28.3,0.0,0.0,0,10.3,46,0,2015-08-14 18:00:00,1,0,0,0,0,0,0,0,0,0
26.3,26.8,0.0,0.0,2,10.4,53,0,2015-08-14 19:00:00,1,0,0,0,0,0,0,0,0,0
24.5,25.0,0.0,0.0,0,10.8,59,0,2015-08-14 20:00:00,1,0,0,0,0,0,0,0,0,0
23.6,24.1,0.0,0.0,0,10.4,62,0,2015-08-14 21:00:00,1,0,0,0,0,0,0,0,0,0
23.1,23.7,0.0,0.0,2,9.9,64,0,2015-08-14 22:00:00,1,0,0,0,0,0,0,0,0,0
22.6,23.2,0.0,0.0,0,9.4,66,0,2015-08-14 23:00:00,1,0,0,0,0,0,0,0,0,0
22.1,22.7,0.0,0.0,1,9.2,67,0,2015-08-15 00:00:00,1,0,0,0,0,0,0,0,0,0
21.6,22.3,0.0,0.0,2,8.4,69,0,2015-08-15 01:00:00,1,0,0,0,0,0,0,0,0,0
21.2,21.9,0.0,0.0,3,8.7,71,0,2015-08-15 02:00:00,1,0,0,0,0,0,0,0,0,0
20.9,22.0,0.0,0.0,4,8.6,78,0,2015-08-15 03:00:00,1,0,0,0,0,0,0,0,0,0
20.5,21.4,0.0,0.0,2,9.0,78,0,2015-08-15 04:00:00,1,0,0,0,0,0,0,0,0,0
20.2,21.0,0.0,0.0,1,9.4,79,0,2015-08-15 05:00:00,1,0,0,0,0,0,0,0,0,0
19.9,21.1,0.0,0.0,1,6.8,81,0,2015-08-15 06:00:00,1,0,0,0,0,0,0,0,0,1
20.1,21.5,0.0,0.0,5,7.3,83,0,2015-08-15 07:00:00,1,0,0,0,0,0,0,0,0,1
22.4,23.9,0.0,0.0,23,5.9,71,1,2015-08-15 08:00:00,1,0,0,0,0,0,0,0,0,0
24.3,25.8,0.0,0.0,35,5.8,63,1,2015-08-15 09:00:00,1,0,0,0,0,0,0,0,0,0
26.4,27.9,0.0,0.0,39,5.8,55,1,2015-08-15 10:00:00,1,0,0,0,0,0,0,0,0,0
28.2,30.3,0.0,0.0,43,6.2,49,1,2015-08-15 11:00:00,1,0,0,0,0,0,0,0,0,0
29.7,32.6,0.0,0.0,13,5.8,44,0,2015-08-15 12:00:00,1,0,0,0,0,0,0,0,0,0
30.6,33.8,0.0,0.0,11,6.0,42,0,2015-08-15 13:00:00,1,0,0,0,0,0,0,0,1,0
31.1,33.9,0.0,0.0,12,7.9,41,0,2015-08-15 14:00:00,1,0,0,0,0,0,0,0,1,0
31.3,33.4,0.0,0.0,7,9.4,41,0,2015-08-15 15:00:00,1,0,0,0,0,0,0,0,1,0
31.4,32.8,0.0,0.0,2,10.8,41,0,2015-08-15 16:00:00,1,0,0,0,0,0,0,0,1,0
30.5,31.3,0.0,0.0,5,12.4,45,0,2015-08-15 17:00:00,1,0,0,0,0,0,0,0,1,0
28.9,30.3,0.0,0.0,13,10.4,52,0,2015-08-15 18:00:00,1,0,0,0,0,0,0,0,0,0
28.1,29.9,0.0,0.0,2,9.1,56,0,2015-08-15 19:00:00,1,0,0,0,0,0,0,0,0,0
27.0,29.0,0.0,0.0,1,8.3,60,0,2015-08-15 20:00:00,1,0,0,0,0,0,0,0,0,0
25.9,27.8,0.0,0.0,6,8.4,64,0,2015-08-15 21:00:00,1,0,0,0,0,0,0,0,0,0
25.3,27.4,0.0,0.0,1,7.1,66,0,2015-08-15 22:00:00,1,0,0,0,0,0,0,0,0,0
24.6,26.4,0.0,0.0,6,8.9,68,0,2015-08-15 23:00:00,1,0,0,0,0,0,0,0,0,0
24.1,25.7,0.0,0.0,9,9.4,70,0,2015-08-16 00:00:00,1,0,0,0,0,0,0,0,0,0
23.6,25.2,0.0,0.0,8,9.4,71,0,2015-08-16 01:00:00,1,0,0,0,0,0,0,0,0,0
23.1,24.7,0.0,0.0,11,8.7,73,0,2015-08-16 02:00:00,1,0,0,0,0,0,0,0,0,0
22.4,24.2,0.0,0.0,14,8.0,76,0,2015-08-16 03:00:00,1,0,0,0,0,0,0,0,0,0
22.0,23.7,0.0,0.0,9,8.0,79,0,2015-08-16 04:00:00,1,0,0,0,0,0,0,0,0,0
21.5,23.2,0.0,0.0,9,7.9,81,0,2015-08-16 05:00:00,1,0,0,0,0,0,0,0,0,1
20.9,23.2,0.0,0.0,22,5.3,85,1,2015-08-16 06:00:00,1,0,0,0,0,0,0,0,0,1
21.0,23.7,0.0,0.0,13,3.7,87,0,2015-08-16 07:00:00,1,0,0,0,0,0,0,0,0,1
23.3,26.2,0.0,0.0,12,1.5,75,0,2015-08-16 08:00:00,1,0,0,0,0,0,0,0,0,0
25.0,28.0,0.0,0.0,15,1.3,67,0,2015-08-16 09:00:00,1,0,0,0,0,0,0,0,0,0
27.0,29.8,0.0,0.0,10,1.1,59,0,2015-08-16 10:00:00,1,0,0,0,0,0,0,0,0,0
28.5,32.0,0.0,0.0,3,1.5,54,0,2015-08-16 11:00:00,1,0,0,0,0,0,0,0,0,0
29.9,33.5,0.0,0.0,33,4.7,49,1,2015-08-16 12:00:00,1,0,0,0,0,0,0,0,0,0
30.8,33.5,0.0,0.0,36,7.3,45,1,2015-08-16 13:00:00,1,0,0,0,0,0,0,0,1,0
31.5,33.7,0.0,0.0,33,8.8,42,1,2015-08-16 14:00:00,1,0,0,0,0,0,0,0,1,0
31.4,32.5,0.0,0.0,36,9.3,42,1,2015-08-16 15:00:00,1,0,0,0,0,0,0,0,1,0
31.5,32.4,0.0,0.0,37,8.3,40,1,2015-08-16 16:00:00,1,0,0,0,0,0,0,0,1,0
31.4,32.8,0.0,0.0,50,6.1,41,2,2015-08-16 17:00:00,0,1,0,0,0,0,0,0,1,0
30.8,33.1,0.0,0.0,50,1.9,45,2,2015-08-16 18:00:00,0,1,0,0,0,0,0,0,1,0
29.2,32.0,0.0,0.0,33,2.3,53,1,2015-08-16 19:00:00,1,0,0,0,0,0,0,0,0,0
27.6,30.3,0.0,0.0,17,4.5,60,0,2015-08-16 20:00:00,1,0,0,0,0,0,0,0,0,0
26.6,29.1,0.0,0.0,7,5.6,63,0,2015-08-16 21:00:00,1,0,0,0,0,0,0,0,0,0
25.9,28.3,0.0,0.0,7,5.9,65,0,2015-08-16 22:00:00,1,0,0,0,0,0,0,0,0,0
25.2,27.4,0.0,0.0,10,7.3,68,0,2015-08-16 23:00:00,1,0,0,0,0,0,0,0,0,0
24.8,26.9,0.0,0.0,9,8.2,70,0,2015-08-17 00:00:00,1,0,0,0,0,0,0,0,0,0
24.3,26.4,0.0,0.0,2,8.4,73,0,2015-08-17 01:00:00,1,0,0,0,0,0,0,0,0,0
23.8,26.1,0.0,0.0,1,8.2,76,0,2015-08-17 02:00:00,1,0,0,0,0,0,0,0,0,0
23.3,25.4,0.0,0.0,0,8.7,77,0,2015-08-17 03:00:00,1,0,0,0,0,0,0,0,0,0
22.8,24.9,0.0,0.0,1,9.0,80,0,2015-08-17 04:00:00,1,0,0,0,0,0,0,0,0,1
22.4,24.5,0.0,0.0,0,9.0,83,0,2015-08-17 05:00:00,1,0,0,0,0,0,0,0,0,1
21.9,24.5,0.0,0.0,23,6.5,85,1,2015-08-17 06:00:00,1,0,0,0,0,0,0,0,0,1
22.1,24.6,0.0,0.0,28,7.4,86,1,2015-08-17 07:00:00,1,0,0,0,0,0,0,0,0,1
24.2,26.9,0.0,0.0,23,6.4,76,1,2015-08-17 08:00:00,1,0,0,0,0,0,0,0,0,0
26.0,28.9,0.0,0.0,17,5.4,68,0,2015-08-17 09:00:00,1,0,0,0,0,0,0,0,0,0
28.2,31.2,0.0,0.0,14,4.0,60,0,2015-08-17 10:00:00,1,0,0,0,0,0,0,0,0,0
30.1,34.0,0.0,0.0,9,3.2,52,0,2015-08-17 11:00:00,1,0,0,0,0,0,0,0,1,0
31.4,35.1,0.0,0.0,38,4.7,46,1,2015-08-17 12:00:00,1,0,0,0,0,0,0,0,1,0
32.2,35.2,0.0,0.0,40,6.3,41,1,2015-08-17 13:00:00,1,0,0,0,0,0,0,0,1,0
32.5,34.6,0.0,0.0,50,7.7,39,2,2015-08-17 14:00:00,0,1,0,0,0,0,0,0,1,0
32.3,33.2,0.0,0.0,43,9.2,38,1,2015-08-17 15:00:00,1,0,0,0,0,0,0,0,1,0
32.6,33.2,0.0,0.0,49,9.4,37,1,2015-08-17 16:00:00,1,0,0,0,0,0,0,0,1,0
32.5,33.3,0.0,0.0,32,8.0,37,1,2015-08-17 17:00:00,1,0,0,0,0,0,0,0,1,0
31.6,32.7,0.0,0.0,56,8.5,41,2,2015-08-17 18:00:00,0,1,0,0,0,0,0,0,1,0
29.9,31.7,0.0,0.0,55,7.4,49,2,2015-08-17 19:00:00,0,1,0,0,0,0,0,0,0,0
28.2,30.3,0.0,0.0,28,6.8,56,1,2015-08-17 20:00:00,1,0,0,0,0,0,0,0,0,0
27.3,29.4,0.0,0.0,20,7.1,59,1,2015-08-17 21:00:00,1,0,0,0,0,0,0,0,0,0
26.5,28.5,0.0,0.0,8,7.4,61,0,2015-08-17 22:00:00,1,0,0,0,0,0,0,0,0,0
25.8,27.3,0.0,0.0,16,9.6,63,0,2015-08-17 23:00:00,1,0,0,0,0,0,0,0,0,0
25.2,26.6,0.0,0.0,26,10.5,65,1,2015-08-18 00:00:00,1,0,0,0,0,0,0,0,0,0
24.6,26.0,0.0,0.0,32,10.2,67,1,2015-08-18 01:00:00,1,0,0,0,0,0,0,0,0,0
23.9,25.5,0.0,0.0,54,10.0,71,2,2015-08-18 02:00:00,0,1,0,0,0,0,0,0,0,0
23.8,25.9,0.3,0.3,59,9.3,75,51,2015-08-18 03:00:00,0,0,0,1,0,0,0,1,0,0
23.6,26.0,0.0,0.0,72,9.5,79,2,2015-08-18 04:00:00,0,1,0,0,0,0,0,0,0,0
23.4,26.2,0.0,0.0,80,8.4,82,3,2015-08-18 05:00:00,0,1,0,0,0,0,0,0,0,1
23.1,27.1,0.0,0.0,67,0.7,86,2,2015-08-18 06:00:00,0,1,0,0,0,0,0,0,0,1
23.2,26.3,0.0,0.0,60,7.6,87,2,2015-08-18 07:00:00,0,1,0,0,0,0,0,0,0,1
24.2,27.4,0.0,0.0,57,7.6,82,2,2015-08-18 08:00:00,0,1,0,0,0,0,0,0,0,1
25.3,28.8,0.0,0.0,63,5.6,77,2,2015-08-18 09:00:00,0,1,0,0,0,0,0,0,0,0
26.6,30.1,0.0,0.0,55,6.2,71,2,2015-08-18 10:00:00,0,1,0,0,0,0,0,0,0,0
27.7,31.2,0.0,0.0,36,5.6,67,1,2015-08-18 11:00:00,1,0,0,0,0,0,0,0,0,0
29.2,33.0,0.0,0.0,33,6.2,60,1,2015-08-18 12:00:00,1,0,0,0,0,0,0,0,0,0
30.6,34.9,0.0,0.0,33,6.9,53,1,2015-08-18 13:00:00,1,0,0,0,0,0,0,0,1,0
31.3,34.8,0.0,0.0,35,9.0,47,1,2015-08-18 14:00:00,1,0,0,0,0,0,0,0,1,0
31.3,33.4,0.0,0.0,40,12.4,45,1,2015-08-18 15:00:00,1,0,0,0,0,0,0,0,1,0
30.8,31.5,0.0,0.0,52,15.5,44,2,2015-08-18 16:00:00,0,1,0,0,0,0,0,0,1,0
29.9,30.2,0.0,0.0,60,16.4,48,2,2015-08-18 17:00:00,0,1,0,0,0,0,0,0,0,0
28.7,29.4,0.0,0.0,41,15.3,53,1,2015-08-18 18:00:00,1,0,0,0,0,0,0,0,0,0
27.4,28.3,0.0,0.0,47,14.8,58,1,2015-08-18 19:00:00,1,0,0,0,0,0,0,0,0,0
26.0,27.4,0.0,0.0,42,12.6,65,1,2015-08-18 20:00:00,1,0,0,0,0,0,0,0,0,0
25.1,26.8,0.0,0.0,14,11.2,69,0,2015-08-18 21:00:00,1,0,0,0,0,0,0,0,0,0
24.3,26.2,0.0,0.0,8,10.5,73,0,2015-08-18 22:00:00,1,0,0,0,0,0,0,0,0,0
23.5,25.7,0.0,0.0,7,10.2,79,0,2015-08-18 23:00:00,1,0,0,0,0,0,0,0,0,0
22.9,25.1,0.0,0.0,5,10.8,84,0,2015-08-19 00:00:00,1,0,0,0,0,0,0,0,0,1
22.3,24.8,0.0,0.0,11,10.4,89,0,2015-08-19 01:00:00,1,0,0,0,0,0,0,0,0,1
21.7,24.4,0.0,0.0,14,9.4,92,0,2015-08-19 02:00:00,1,0,0,0,0,0,0,0,0,1
22.1,25.1,0.0,0.0,15,8.3,92,0,2015-08-19 03:00:00,1,0,0,0,0,0,0,0,0,1
22.2,25.4,0.0,0.0,14,7.3,93,0,2015-08-19 04:00:00,1,0,0,0,0,0,0,0,0,1
22.1,25.4,0.0,0.0,20,6.8,93,1,2015-08-19 05:00:00,1,0,0,0,0,0,0,0,0,1
22.1,25.9,0.0,0.0,60,4.3,94,2,2015-08-19 06:00:00,0,1,0,0,0,0,0,0,0,1
22.4,25.9,0.0,0.0,69,7.0,94,2,2015-08-19 07:00:00,0,1,0,0,0,0,0,0,0,1
24.0,27.5,0.0,0.0,44,7.4,86,1,2015-08-19 08:00:00,1,0,0,0,0,0,0,0,0,1
25.2,28.1,0.1,0.1,44,10.2,78,51,2015-08-19 09:00:00,0,0,0,1,0,0,0,1,0,0
26.2,28.9,0.0,0.0,39,10.5,72,1,2015-08-19 10:00:00,1,0,0,0,0,0,0,0,0,0
27.2,29.8,0.0,0.0,40,9.9,66,1,2015-08-19 11:00:00,1,0,0,0,0,0,0,0,0,0
28.4,31.7,0.0,0.0,33,10.4,60,1,2015-08-19 12:00:00,1,0,0,0,0,0,0,0,0,0
28.7,31.4,0.0,0.0,38,11.7,58,1,2015-08-19 13:00:00,1,0,0,0,0,0,0,0,0,0
28.9,31.0,0.0,0.0,30,14.0,57,1,2015-08-19 14:00:00,1,0,0,0,0,0,0,0,0,0
28.5,29.9,0.0,0.0,50,16.3,57,2,2015-08-19 15:00:00,0,1,0,0,0,0,0,0,0,0
28.0,28.7,0.0,0.0,45,17.2,58,1,2015-08-19 16:00:00,1,0,0,0,0,0,0,0,0,0
27.7,28.3,0.0,0.0,42,17.7,58,1,2015-08-19 17:00:00,1,0,0,0,0,0,0,0,0,0
27.1,28.3,0.0,0.0,28,14.2,61,1,2015-08-19 18:00:00,1,0,0,0,0,0,0,0,0,0
26.2,28.1,0.0,0.0,29,12.5,67,1,2015-08-19 19:00:00,1,0,0,0,0,0,0,0,0,0
25.1,27.8,0.0,0.0,22,10.0,77,1,2015-08-19 20:00:00,1,0,0,0,0,0,0,0,0,0
24.3,27.5,0.0,0.0,19,9.2,84,0,2015-08-19 21:00:00,1,0,0,0,0,0,0,0,0,1
23.8,27.2,0.0,0.0,10,9.4,88,0,2015-08-19 22:00:00,1,0,0,0,0,0,0,0,0,1
23.4,27.0,0.0,0.0,11,8.4,91,0,2015-08-19 23:00:00,1,0,0,0,0,0,0,0,0,1
23.0,26.5,0.0,0.0,7,9.0,93,0,2015-08-20 00:00:00,1,0,0,0,0,0,0,0,0,1
22.7,26.1,0.0,0.0,50,9.7,95,2,2015-08-20 01:00:00,0,1,0,0,0,0,0,0,0,1
22.5,25.9,0.0,0.0,55,9.7,96,2,2015-08-20 02:00:00,0,1,0,0,0,0,0,0,0,1
22.7,26.2,0.0,0.0,65,9.4,96,2,2015-08-20 03:00:00,0,1,0,0,0,0,0,0,0,1
22.9,26.3,0.0,0.0,60,10.3,95,2,2015-08-20 04:00:00,0,1,0,0,0,0,0,0,0,1
22.9,26.0,0.0,0.0,62,11.5,94,2,2015-08-20 05:00:00,0,1,0,0,0,0,0,0,0,1
22.8,26.2,0.0,0.0,29,9.9,94,1,2015-08-20 06:00:00,1,0,0,0,0,0,0,0,0,1
23.0,26.6,0.0,0.0,32,8.9,93,1,2015-08-20 07:00:00,1,0,0,0,0,0,0,0,0,1
24.1,27.4,0.1,0.1,21,9.4,86,51,2015-08-20 08:00:00,0,0,0,1,0,0,0,1,0,1
25.5,27.9,0.0,0.0,20,13.4,76,1,2015-08-20 09:00:00,1,0,0,0,0,0,0,0,0,0
26.4,28.2,0.0,0.0,15,14.8,69,0,2015-08-20 10:00:00,1,0,0,0,0,0,0,0,0,0
27.3,28.7,0.0,0.0,21,16.1,64,1,2015-08-20 11:00:00,1,0,0,0,0,0,0,0,0,0
28.1,29.8,0.0,0.0,21,18.7,61,1,2015-08-20 12:00:00,1,0,0,0,0,0,0,0,0,0
28.3,29.8,0.0,0.0,33,21.1,60,1,2015-08-20 13:00:00,1,0,0,0,0,0,0,0,0,0
28.0,29.0,0.4,0.4,50,22.7,61,51,2015-08-20 14:00:00,0,0,0,1,0,0,0,1,0,0
27.9,28.6,0.0,0.0,49,22.1,63,1,2015-08-20 15:00:00,1,0,0,0,0,0,0,0,0,0
27.5,28.3,0.0,0.0,68,21.4,65,2,2015-08-20 16:00:00,0,1,0,0,0,0,0,0,0,0
27.0,28.2,0.0,0.0,93,19.5,67,3,2015-08-20 17:00:00,0,1,0,0,0,0,0,0,0,0
26.0,28.3,0.2,0.2,99,14.1,74,51,2015-08-20 18:00:00,0,0,0,1,0,0,0,1,0,0
25.2,27.8,0.3,0.3,100,13.5,79,51,2015-08-20 19:00:00,0,0,0,1,0,0,0,1,0,0
24.5,27.6,0.2,0.2,100,11.5,84,51,2015-08-20 20:00:00,0,0,0,1,0,0,0,1,0,1
24.2,27.5,0.0,0.0,100,10.6,86,3,2015-08-20 21:00:00,0,1,0,0,0,0,0,0,0,1
24.1,27.4,0.0,0.0,100,10.7,88,3,2015-08-20 22:00:00,0,1,0,0,0,0,0,0,0,1
24.0,27.2,0.0,0.0,100,10.8,88,3,2015-08-20 23:00:00,0,1,0,0,0,0,0,0,0,1
23.7,26.9,0.2,0.2,100,10.5,89,51,2015-08-21 00:00:00,0,0,0,1,0,0,0,1,0,1
23.4,26.7,0.3,0.3,100,10.5,92,51,2015-08-21 01:00:00,0,0,0,1,0,0,0,1,0,1
23.0,26.5,0.7,0.7,100,10.3,94,53,2015-08-21 02:00:00,0,0,0,1,0,0,0,1,0,1
23.2,26.7,0.5,0.5,100,10.9,96,53,2015-08-21 03:00:00,0,0,0,1,0,0,0,1,0,1
22.9,26.3,0.6,0.6,99,11.0,96,53,2015-08-21 04:00:00,0,0,0,1,0,0,0,1,0,1
22.6,26.2,0.2,0.2,94,9.0,97,51,2015-08-21 05:00:00,0,0,0,1,0,0,0,1,0,1
22.5,26.9,0.0,0.0,83,3.4,97,3,2015-08-21 06:00:00,0,1,0,0,0,0,0,0,0,1
22.7,26.9,0.0,0.0,88,4.3,95,3,2015-08-21 07:00:00,0,1,0,0,0,0,0,0,0,1
23.2,26.6,0.0,0.0,68,9.1,91,2,2015-08-21 08:00:00,0,1,0,0,0,0,0,0,0,1
23.6,25.7,0.0,0.0,58,14.8,85,2,2015-08-21 09:00:00,0,1,0,0,0,0,0,0,0,1
24.4,25.7,0.0,0.0,69,16.2,75,2,2015-08-21 10:00:00,0,1,0,0,0,0,0,0,0,0
25.6,26.5,0.0,0.0,70,14.4,64,2,2015-08-21 11:00:00,0,1,0,0,0,0,0,0,0,0
26.6,28.3,0.0,0.0,82,10.8,58,3,2015-08-21 12:00:00,0,1,0,0,0,0,0,0,0,0
27.7,30.4,0.0,0.0,93,9.0,54,3,2015-08-21 13:00:00,0,1,0,0,0,0,0,0,0,0
28.5,31.6,0.0,0.0,87,6.9,51,3,2015-08-21 14:00:00,0,1,0,0,0,0,0,0,0,0
27.9,29.2,0.0,0.0,83,3.5,47,3,2015-08-21 15:00:00,0,1,0,0,0,0,0,0,0,0
28.4,29.8,0.0,0.0,82,1.8,44,3,2015-08-21 16:00:00,0,1,0,0,0,0,0,0,0,0
28.6,29.9,0.0,0.0,72,2.0,43,2,2015-08-21 17:00:00,0,1,0,0,0,0,0,0,0,0
28.6,29.6,0.0,0.0,47,3.4,43,1,2015-08-21 18:00:00,1,0,0,0,0,0,0,0,0,0
27.9,29.4,0.0,0.0,52,3.6,48,2,2015-08-21 19:00:00,0,1,0,0,0,0,0,0,0,0
26.3,28.4,0.0,0.0,56,5.9,61,2,2015-08-21 20:00:00,0,1,0,0,0,0,0,0,0,0
24.8,26.8,0.0,0.0,68,10.1,72,2,2015-08-21 21:00:00,0,1,0,0,0,0,0,0,0,0
24.3,26.2,0.0,0.0,84,12.8,76,3,2015-08-21 22:00:00,0,1,0,0,0,0,0,0,0,0
23.6,25.7,0.0,0.0,94,13.4,82,3,2015-08-21 23:00:00,0,1,0,0,0,0,0,0,0,1
22.8,24.8,0.0,0.0,97,13.2,85,3,2015-08-22 00:00:00,0,1,0,0,0,0,0,0,0,1
22.3,24.0,0.2,0.2,99,13.2,85,51,2015-08-22 01:00:00,0,0,0,1,0,0,0,1,0,1
22.3,23.3,0.0,0.0,100,14.2,79,3,2015-08-22 02:00:00,0,1,0,0,0,0,0,0,0,0
21.2,20.4,0.0,0.0,91,15.2,65,3,2015-08-22 03:00:00,0,1,0,0,0,0,0,0,0,0
20.7,19.7,0.0,0.0,79,15.5,66,2,2015-08-22 04:00:00,0,1,0,0,0,0,0,0,0,0
20.1,19.0,0.0,0.0,67,15.6,66,2,2015-08-22 05:00:00,0,1,0,0,0,0,0,0,0,0
19.7,18.6,0.0,0.0,32,14.4,66,1,2015-08-22 06:00:00,1,0,0,0,0,0,0,0,0,0
19.5,18.3,0.0,0.0,9,14.4,66,0,2015-08-22 07:00:00,1,0,0,0,0,0,0,0,0,0
20.4,18.8,0.0,0.0,21,15.5,59,1,2015-08-22 08:00:00,1,0,0,0,0,0,0,0,0,0
21.9,20.3,0.0,0.0,34,14.8,53,1,2015-08-22 09:00:00,1,0,0,0,0,0,0,0,0,0
23.7,22.4,0.0,0.0,64,13.0,48,2,2015-08-22 10:00:00,0,1,0,0,0,0,0,0,0,0
25.2,25.2,0.0,0.0,70,10.8,44,2,2015-08-22 11:00:00,0,1,0,0,0,0,0,0,0,0
26.5,27.7,0.0,0.0,64,7.9,41,2,2015-08-22 12:00:00,0,1,0,0,0,0,0,0,0,0
27.4,28.9,0.0,0.0,79,5.9,38,2,2015-08-22 13:00:00,0,1,0,0,0,0,0,0,0,0
28.1,29.6,0.0,0.0,81,4.7,35,3,2015-08-22 14:00:00,0,1,0,0,0,0,0,0,0,0
27.3,27.9,0.0,0.0,81,3.7,33,3,2015-08-22 15:00:00,0,1,0,0,0,0,0,0,0,0
27.6,27.5,0.0,0.0,83,3.7,32,3,2015-08-22 16:00:00,0,1,0,0,0,0,0,0,0,0
27.6,26.8,0.0,0.0,48,3.6,31,1,2015-08-22 17:00:00,1,0,0,0,0,0,0,0,0,0
27.5,26.0,0.0,0.0,7,8.0,31,0,2015-08-22 18:00:00,1,0,0,0,0,0,0,0,0,0
26.6,26.1,0.0,0.0,0,6.6,39,0,2015-08-22 19:00:00,1,0,0,0,0,0,0,0,0,0
25.6,25.3,0.0,0.0,0,6.0,42,0,2015-08-22 20:00:00,1,0,0,0,0,0,0,0,0,0
24.9,24.9,0.0,0.0,0,6.8,49,0,2015-08-22 21:00:00,1,0,0,0,0,0,0,0,0,0
24.0,23.8,0.0,0.0,0,9.7,53,0,2015-08-22 22:00:00,1,0,0,0,0,0,0,0,0,0
21.8,21.8,0.0,0.0,0,11.7,65,0,2015-08-22 23:00:00,1,0,0,0,0,0,0,0,0,0
20.3,20.1,0.0,0.0,2,11.9,70,0,2015-08-23 00:00:00,1,0,0,0,0,0,0,0,0,0
19.6,19.7,0.0,0.0,1,10.8,75,0,2015-08-23 01:00:00,1,0,0,0,0,0,0,0,0,0
19.1,19.6,0.0,0.0,5,9.7,81,0,2015-08-23 02:00:00,1,0,0,0,0,0,0,0,0,1
18.6,19.1,0.0,0.0,2,9.0,82,0,2015-08-23 03:00:00,1,0,0,0,0,0,0,0,0,1
18.4,19.1,0.0,0.0,6,9.1,86,0,2015-08-23 04:00:00,1,0,0,0,0,0,0,0,0,1
18.3,19.2,0.0,0.0,7,8.7,88,0,2015-08-23 05:00:00,1,0,0,0,0,0,0,0,0,1
18.3,19.4,0.0,0.0,20,8.5,90,1,2015-08-23 06:00:00,1,0,0,0,0,0,0,0,0,1
19.1,20.3,0.0,0.0,31,10.0,91,1,2015-08-23 07:00:00,1,0,0,0,0,0,0,0,0,1
21.3,22.8,0.0,0.0,60,10.5,83,2,2015-08-23 08:00:00,0,1,0,0,0,0,0,0,0,1
22.4,24.1,0.0,0.0,100,11.0,80,3,2015-08-23 09:00:00,0,1,0,0,0,0,0,0,0,1
23.6,25.5,0.1,0.1,92,9.7,75,51,2015-08-23 10:00:00,0,0,0,1,0,0,0,1,0,0
24.6,26.5,0.3,0.3,74,8.7,70,51,2015-08-23 11:00:00,0,0,0,1,0,0,0,1,0,0
25.5,27.7,0.2,0.2,70,6.8,65,51,2015-08-23 12:00:00,0,0,0,1,0,0,0,1,0,0
26.3,28.6,0.2,0.2,90,5.9,62,51,2015-08-23 13:00:00,0,0,0,1,0,0,0,1,0,0
27.0,29.8,0.3,0.3,100,5.2,59,51,2015-08-23 14:00:00,0,0,0,1,0,0,0,1,0,0
26.2,28.1,0.0,0.0,100,5.2,58,3,2015-08-23 15:00:00,0,1,0,0,0,0,0,0,0,0
26.6,28.5,0.0,0.0,100,4.3,57,3,2015-08-23 16:00:00,0,1,0,0,0,0,0,0,0,0
26.4,28.3,0.0,0.0,100,5.1,58,3,2015-08-23 17:00:00,0,1,0,0,0,0,0,0,0,0
26.0,28.3,0.0,0.0,100,3.8,61,3,2015-08-23 18:00:00,0,1,0,0,0,0,0,0,0,0
25.3,27.6,0.0,0.0,94,5.7,67,3,2015-08-23 19:00:00,0,1,0,0,0,0,0,0,0,0
24.1,26.9,0.0,0.0,26,5.4,75,1,2015-08-23 20:00:00,1,0,0,0,0,0,0,0,0,0
23.0,26.1,0.0,0.0,19,5.1,83,0,2015-08-23 21:00:00,1,0,0,0,0,0,0,0,0,1
22.1,25.5,0.0,0.0,16,4.3,89,0,2015-08-23 22:00:00,1,0,0,0,0,0,0,0,0,1
21.3,24.6,0.0,0.0,25,4.3,94,1,2015-08-23 23:00:00,1,0,0,0,0,0,0,0,0,1
20.8,24.1,0.0,0.0,26,3.1,94,1,2015-08-24 00:00:00,1,0,0,0,0,0,0,0,0,1
21.2,24.7,0.0,0.0,35,2.4,94,1,2015-08-24 01:00:00,1,0,0,0,0,0,0,0,0,1
21.7,25.3,0.0,0.0,15,3.1,93,0,2015-08-24 02:00:00,1,0,0,0,0,0,0,0,0,1
21.7,25.3,0.0,0.0,9,2.3,91,0,2015-08-24 03:00:00,1,0,0,0,0,0,0,0,0,1
21.5,25.0,0.0,0.0,20,3.3,92,1,2015-08-24 04:00:00,1,0,0,0,0,0,0,0,0,1
20.7,23.9,0.0,0.0,62,3.0,94,2,2015-08-24 05:00:00,0,1,0,0,0,0,0,0,0,1
20.5,23.6,0.0,0.0,67,3.7,94,2,2015-08-24 06:00:00,0,1,0,0,0,0,0,0,0,1
20.6,23.5,0.0,0.0,47,5.2,94,1,2015-08-24 07:00:00,1,0,0,0,0,0,0,0,0,1
21.9,25.2,0.0,0.0,45,3.3,87,1,2015-08-24 08:00:00,1,0,0,0,0,0,0,0,0,1
23.4,26.4,0.0,0.0,73,2.5,77,2,2015-08-24 09:00:00,0,1,0,0,0,0,0,0,0,0
24.9,27.5,0.0,0.0,87,1.5,66,3,2015-08-24 10:00:00,0,1,0,0,0,0,0,0,0,0
26.3,28.9,0.0,0.0,92,2.0,56,3,2015-08-24 11:00:00,0,1,0,0,0,0,0,0,0,0
27.5,30.6,0.0,0.0,80,3.9,50,3,2015-08-24 12:00:00,0,1,0,0,0,0,0,0,0,0
28.4,31.6,0.0,0.0,92,5.2,47,3,2015-08-24 13:00:00,0,1,0,0,0,0,0,0,0,0
29.1,32.2,0.0,0.0,68,5.8,46,2,2015-08-24 14:00:00,0,1,0,0,0,0,0,0,0,0
28.4,29.9,0.0,0.0,37,6.9,51,1,2015-08-24 15:00:00,1,0,0,0,0,0,0,0,0,0
28.4,29.7,0.0,0.0,56,9.4,51,2,2015-08-24 16:00:00,0,1,0,0,0,0,0,0,0,0
27.8,28.8,0.0,0.0,80,12.4,55,3,2015-08-24 17:00:00,0,1,0,0,0,0,0,0,0,0
26.6,27.9,0.0,0.0,55,12.0,60,2,2015-08-24 18:00:00,0,1,0,0,0,0,0,0,0,0
25.6,27.0,0.0,0.0,20,11.9,64,1,2015-08-24 19:00:00,1,0,0,0,0,0,0,0,0,0
24.5,26.1,0.0,0.0,27,11.9,71,1,2015-08-24 20:00:00,1,0,0,0,0,0,0,0,0,0
23.8,25.6,0.0,0.0,40,11.4,75,1,2015-08-24 21:00:00,1,0,0,0,0,0,0,0,0,0
23.6,25.4,0.0,0.0,63,11.1,77,2,2015-08-24 22:00:00,0,1,0,0,0,0,0,0,0,0
23.4,25.1,0.0,0.0,52,11.6,77,2,2015-08-24 23:00:00,0,1,0,0,0,0,0,0,0,0
23.0,25.0,0.0,0.0,37,9.7,78,1,2015-08-25 00:00:00,1,0,0,0,0,0,0,0,0,0
22.8,25.0,0.0,0.0,34,8.3,79,1,2015-08-25 01:00:00,1,0,0,0,0,0,0,0,0,0
22.5,24.7,0.0,0.0,41,8.3,81,1,2015-08-25 02:00:00,1,0,0,0,0,0,0,0,0,1
22.2,24.9,1.1,1.1,80,6.7,86,55,2015-08-25 03:00:00,0,0,0,1,0,0,0,1,0,1
21.5,24.3,0.8,0.8,98,6.8,91,53,2015-08-25 04:00:00,0,0,0,1,0,0,0,1,0,1
21.6,24.3,0.5,0.5,100,8.2,91,53,2015-08-25 05:00:00,0,0,0,1,0,0,0,1,0,1
21.7,24.7,0.7,0.7,77,6.9,91,53,2015-08-25 06:00:00,0,0,0,1,0,0,0,1,0,1
21.6,24.9,0.9,0.9,80,7.1,96,53,2015-08-25 07:00:00,0,0,0,1,0,0,0,1,0,1
22.3,25.7,0.7,0.7,80,6.1,92,53,2015-08-25 08:00:00,0,0,0,1,0,0,0,1,0,1
22.9,26.3,0.1,0.1,70,5.5,88,51,2015-08-25 09:00:00,0,0,0,1,0,0,0,1,0,1
23.9,27.6,0.0,0.0,39,3.3,83,1,2015-08-25 10:00:00,1,0,0,0,0,0,0,0,0,1
25.1,29.1,0.0,0.0,29,3.1,78,1,2015-08-25 11:00:00,1,0,0,0,0,0,0,0,0,0
26.6,30.7,0.1,0.1,42,6.3,70,51,2015-08-25 12:00:00,0,0,0,1,0,0,0,1,0,0
27.6,30.5,0.0,0.0,59,9.6,63,2,2015-08-25 13:00:00,0,1,0,0,0,0,0,0,0,0
28.5,30.5,0.0,0.0,56,11.2,55,2,2015-08-25 14:00:00,0,1,0,0,0,0,0,0,0,0
29.3,31.0,0.0,0.0,42,11.9,52,1,2015-08-25 15:00:00,1,0,0,0,0,0,0,0,0,0
29.1,30.5,0.0,0.0,30,11.7,53,1,2015-08-25 16:00:00,1,0,0,0,0,0,0,0,0,0
28.6,30.0,0.1,0.1,16,11.2,54,51,2015-08-25 17:00:00,0,0,0,1,0,0,0,1,0,0
28.1,29.9,0.0,0.0,77,8.3,55,2,2015-08-25 18:00:00,0,1,0,0,0,0,0,0,0,0
27.3,29.3,0.0,0.0,60,7.0,58,2,2015-08-25 19:00:00,0,1,0,0,0,0,0,0,0,0
26.0,27.7,0.0,0.0,68,9.0,63,2,2015-08-25 20:00:00,0,1,0,0,0,0,0,0,0,0
25.2,25.9,0.0,0.0,91,13.4,62,3,2015-08-25 21:00:00,0,1,0,0,0,0,0,0,0,0
25.0,24.7,0.0,0.0,100,14.6,56,3,2015-08-25 22:00:00,0,1,0,0,0,0,0,0,0,0
24.3,23.5,0.0,0.0,94,13.2,51,3,2015-08-25 23:00:00,0,1,0,0,0,0,0,0,0,0
23.5,22.4,0.0,0.0,65,12.1,50,2,2015-08-26 00:00:00,0,1,0,0,0,0,0,0,0,0
22.7,21.6,0.0,0.0,28,12.1,51,1,2015-08-26 01:00:00,1,0,0,0,0,0,0,0,0,0
21.9,20.8,0.0,0.0,10,12.2,54,0,2015-08-26 02:00:00,1,0,0,0,0,0,0,0,0,0
20.6,19.6,0.0,0.0,3,12.4,60,0,2015-08-26 03:00:00,1,0,0,0,0,0,0,0,0,0
19.8,18.9,0.0,0.0,1,12.2,63,0,2015-08-26 04:00:00,1,0,0,0,0,0,0,0,0,0
19.2,18.4,0.0,0.0,1,11.5,67,0,2015-08-26 05:00:00,1,0,0,0,0,0,0,0,0,0
18.5,19.0,0.0,0.0,4,5.0,73,0,2015-08-26 06:00:00,1,0,0,0,0,0,0,0,0,0
18.2,18.6,0.0,0.0,3,7.1,79,0,2015-08-26 07:00:00,1,0,0,0,0,0,0,0,0,0
20.3,20.5,0.0,0.0,2,8.4,69,0,2015-08-26 08:00:00,1,0,0,0,0,0,0,0,0,0
21.8,21.9,0.0,0.0,28,7.9,62,1,2015-08-26 09:00:00,1,0,0,0,0,0,0,0,0,0
23.4,23.2,0.0,0.0,37,8.9,54,1,2015-08-26 10:00:00,1,0,0,0,0,0,0,0,0,0
24.7,24.9,0.0,0.0,11,9.4,46,0,2015-08-26 11:00:00,1,0,0,0,0,0,0,0,0,0
25.9,26.4,0.0,0.0,17,10.9,42,0,2015-08-26 12:00:00,1,0,0,0,0,0,0,0,0,0
27.0,27.2,0.0,0.0,22,11.9,39,1,2015-08-26 13:00:00,1,0,0,0,0,0,0,0,0,0
27.6,27.0,0.0,0.0,52,14.1,36,2,2015-08-26 14:00:00,0,1,0,0,0,0,0,0,0,0
26.6,24.9,0.0,0.0,74,14.4,39,2,2015-08-26 15:00:00,0,1,0,0,0,0,0,0,0,0
26.5,24.9,0.0,0.0,100,13.4,39,3,2015-08-26 16:00:00,0,1,0,0,0,0,0,0,0,0
26.3,24.8,0.0,0.0,94,13.0,40,3,2015-08-26 17:00:00,0,1,0,0,0,0,0,0,0,0
25.8,25.1,0.0,0.0,91,8.0,41,3,2015-08-26 18:00:00,0,1,0,0,0,0,0,0,0,0
25.0,24.3,0.0,0.0,65,8.3,44,2,2015-08-26 19:00:00,0,1,0,0,0,0,0,0,0,0
24.0,23.3,0.0,0.0,54,8.7,47,2,2015-08-26 20:00:00,0,1,0,0,0,0,0,0,0,0
23.4,22.6,0.0,0.0,46,9.5,48,1,2015-08-26 21:00:00,1,0,0,0,0,0,0,0,0,0
22.7,21.8,0.0,0.0,35,10.8,52,1,2015-08-26 22:00:00,1,0,0,0,0,0,0,0,0,0
22.3,21.4,0.0,0.0,26,11.2,54,1,2015-08-26 23:00:00,1,0,0,0,0,0,0,0,0,0
21.7,21.0,0.0,0.0,17,10.8,57,0,2015-08-27 00:00:00,1,0,0,0,0,0,0,0,0,0
21.1,20.6,0.0,0.0,25,9.7,60,1,2015-08-27 01:00:00,1,0,0,0,0,0,0,0,0,0
20.6,20.1,0.0,0.0,23,10.0,62,1,2015-08-27 02:00:00,1,0,0,0,0,0,0,0,0,0
19.5,18.9,0.0,0.0,38,10.1,66,1,2015-08-27 03:00:00,1,0,0,0,0,0,0,0,0,0
19.2,18.7,0.0,0.0,42,10.2,68,1,2015-08-27 04:00:00,1,0,0,0,0,0,0,0,0,0
19.1,18.6,0.0,0.0,50,10.1,69,2,2015-08-27 05:00:00,0,1,0,0,0,0,0,0,0,0
19.0,18.7,0.0,0.0,69,9.2,70,2,2015-08-27 06:00:00,0,1,0,0,0,0,0,0,0,0
19.0,18.9,0.0,0.0,88,8.7,72,3,2015-08-27 07:00:00,0,1,0,0,0,0,0,0,0,0
20.0,19.5,0.0,0.0,97,10.2,65,3,2015-08-27 08:00:00,0,1,0,0,0,0,0,0,0,0
21.3,20.7,0.0,0.0,87,10.7,59,3,2015-08-27 09:00:00,0,1,0,0,0,0,0,0,0,0
22.6,21.9,0.0,0.0,19,10.5,54,0,2015-08-27 10:00:00,1,0,0,0,0,0,0,0,0,0
23.8,23.9,0.0,0.0,25,9.7,49,1,2015-08-27 11:00:00,1,0,0,0,0,0,0,0,0,0
25.2,25.4,0.0,0.0,100,11.0,43,3,2015-08-27 12:00:00,0,1,0,0,0,0,0,0,0,0
25.7,24.5,0.0,0.0,100,10.9,40,3,2015-08-27 13:00:00,0,1,0,0,0,0,0,0,0,0
26.1,24.6,0.0,0.0,100,11.5,38,3,2015-08-27 14:00:00,0,1,0,0,0,0,0,0,0,0
24.7,23.5,0.0,0.0,100,11.8,44,3,2015-08-27 15:00:00,0,1,0,0,0,0,0,0,0,0
24.8,23.6,0.0,0.0,100,11.5,44,3,2015-08-27 16:00:00,0,1,0,0,0,0,0,0,0,0
24.7,23.5,0.0,0.0,99,11.4,44,3,2015-08-27 17:00:00,0,1,0,0,0,0,0,0,0,0
24.4,23.1,0.0,0.0,96,12.0,45,3,2015-08-27 18:00:00,0,1,0,0,0,0,0,0,0,0
23.9,22.9,0.0,0.0,82,10.5,47,3,2015-08-27 19:00:00,0,1,0,0,0,0,0,0,0,0
23.1,22.6,0.0,0.0,54,9.2,51,2,2015-08-27 20:00:00,0,1,0,0,0,0,0,0,0,0
22.3,21.7,0.0,0.0,29,10.0,55,1,2015-08-27 21:00:00,1,0,0,0,0,0,0,0,0,0
21.6,21.1,0.0,0.0,26,9.2,57,1,2015-08-27 22:00:00,1,0,0,0,0,0,0,0,0,0
21.0,20.7,0.0,0.0,21,7.9,59,1,2015-08-27 23:00:00,1,0,0,0,0,0,0,0,0,0
20.3,20.4,0.0,0.0,17,6.1,64,0,2015-08-28 00:00:00,1,0,0,0,0,0,0,0,0,0
19.6,19.8,0.0,0.0,12,5.6,67,0,2015-08-28 01:00:00,1,0,0,0,0,0,0,0,0,0
19.0,19.1,0.0,0.0,22,6.9,70,1,2015-08-28 02:00:00,1,0,0,0,0,0,0,0,0,0
18.0,18.0,0.0,0.0,25,7.9,76,1,2015-08-28 03:00:00,1,0,0,0,0,0,0,0,0,0
17.6,17.4,0.0,0.0,26,9.0,78,1,2015-08-28 04:00:00,1,0,0,0,0,0,0,0,0,0
17.1,16.9,0.0,0.0,14,9.3,80,0,2015-08-28 05:00:00,1,0,0,0,0,0,0,0,0,1
16.8,17.2,0.0,0.0,70,5.7,83,2,2015-08-28 06:00:00,0,1,0,0,0,0,0,0,0,1
16.7,17.0,0.0,0.0,56,6.5,84,2,2015-08-28 07:00:00,0,1,0,0,0,0,0,0,0,1
18.7,18.9,0.0,0.0,38,6.3,72,1,2015-08-28 08:00:00,1,0,0,0,0,0,0,0,0,0
20.4,20.5,0.0,0.0,27,5.5,61,1,2015-08-28 09:00:00,1,0,0,0,0,0,0,0,0,0
21.8,21.6,0.0,0.0,32,5.2,53,1,2015-08-28 10:00:00,1,0,0,0,0,0,0,0,0,0
23.1,23.0,0.0,0.0,78,6.7,46,2,2015-08-28 11:00:00,0,1,0,0,0,0,0,0,0,0
24.2,24.5,0.0,0.0,98,8.0,41,3,2015-08-28 12:00:00,0,1,0,0,0,0,0,0,0,0
25.2,25.7,0.0,0.0,97,8.1,38,3,2015-08-28 13:00:00,0,1,0,0,0,0,0,0,0,0
26.0,26.6,0.0,0.0,91,8.1,36,3,2015-08-28 14:00:00,0,1,0,0,0,0,0,0,0,0
25.0,24.6,0.0,0.0,62,6.9,44,2,2015-08-28 15:00:00,0,1,0,0,0,0,0,0,0,0
25.4,25.0,0.0,0.0,66,6.2,42,2,2015-08-28 16:00:00,0,1,0,0,0,0,0,0,0,0
25.5,25.2,0.0,0.0,87,4.7,42,3,2015-08-28 17:00:00,0,1,0,0,0,0,0,0,0,0
25.4,24.8,0.0,0.0,79,7.4,42,2,2015-08-28 18:00:00,0,1,0,0,0,0,0,0,0,0
24.7,25.2,0.0,0.0,51,3.9,50,2,2015-08-28 19:00:00,0,1,0,0,0,0,0,0,0,0
23.5,24.5,0.0,0.0,22,3.6,58,1,2015-08-28 20:00:00,1,0,0,0,0,0,0,0,0,0
22.4,23.7,0.0,0.0,20,4.3,67,1,2015-08-28 21:00:00,1,0,0,0,0,0,0,0,0,0
21.6,23.3,0.0,0.0,10,3.7,73,0,2015-08-28 22:00:00,1,0,0,0,0,0,0,0,0,0
21.5,23.0,0.0,0.0,13,5.5,75,0,2015-08-28 23:00:00,1,0,0,0,0,0,0,0,0,0
20.7,22.6,0.0,0.0,4,4.9,80,0,2015-08-29 00:00:00,1,0,0,0,0,0,0,0,0,1
20.7,22.5,0.0,0.0,3,5.2,80,0,2015-08-29 01:00:00,1,0,0,0,0,0,0,0,0,1
21.0,22.8,0.0,0.0,0,5.2,80,0,2015-08-29 02:00:00,1,0,0,0,0,0,0,0,0,1
17.6,18.8,0.0,0.0,66,4.0,86,2,2015-08-29 03:00:00,0,1,0,0,0,0,0,0,0,1
17.7,18.8,0.0,0.0,79,4.7,85,2,2015-08-29 04:00:00,0,1,0,0,0,0,0,0,0,1
17.3,18.3,0.0,0.0,25,4.9,87,1,2015-08-29 05:00:00,1,0,0,0,0,0,0,0,0,1
16.7,18.0,0.0,0.0,7,2.9,90,0,2015-08-29 06:00:00,1,0,0,0,0,0,0,0,0,1
16.6,17.6,0.0,0.0,18,5.0,91,0,2015-08-29 07:00:00,1,0,0,0,0,0,0,0,0,1
19.5,20.8,0.0,0.0,31,5.2,80,1,2015-08-29 08:00:00,1,0,0,0,0,0,0,0,0,1
22.3,22.5,0.0,0.0,44,4.9,55,1,2015-08-29 09:00:00,1,0,0,0,0,0,0,0,0,0
23.9,23.5,0.0,0.0,38,6.2,47,1,2015-08-29 10:00:00,1,0,0,0,0,0,0,0,0,0
25.3,25.4,0.0,0.0,48,8.4,42,1,2015-08-29 11:00:00,1,0,0,0,0,0,0,0,0,0
26.6,27.2,0.0,0.0,100,9.4,40,3,2015-08-29 12:00:00,0,1,0,0,0,0,0,0,0,0
27.7,28.6,0.0,0.0,100,8.7,37,3,2015-08-29 13:00:00,0,1,0,0,0,0,0,0,0,0
28.7,29.6,0.0,0.0,100,7.2,34,3,2015-08-29 14:00:00,0,1,0,0,0,0,0,0,0,0
27.4,27.6,0.0,0.0,100,6.3,43,3,2015-08-29 15:00:00,0,1,0,0,0,0,0,0,0,0
27.2,27.5,0.0,0.0,100,7.0,44,3,2015-08-29 16:00:00,0,1,0,0,0,0,0,0,0,0
27.0,27.2,0.0,0.0,88,8.7,47,3,2015-08-29 17:00:00,0,1,0,0,0,0,0,0,0,0
26.4,26.8,0.0,0.0,90,9.0,50,3,2015-08-29 18:00:00,0,1,0,0,0,0,0,0,0,0
25.3,25.7,0.0,0.0,70,11.0,56,2,2015-08-29 19:00:00,0,1,0,0,0,0,0,0,0,0
24.0,24.5,0.0,0.0,91,12.0,63,3,2015-08-29 20:00:00,0,1,0,0,0,0,0,0,0,0
23.4,23.8,0.0,0.0,94,13.0,66,3,2015-08-29 21:00:00,0,1,0,0,0,0,0,0,0,0
23.2,23.5,0.0,0.0,89,13.7,67,3,2015-08-29 22:00:00,0,1,0,0,0,0,0,0,0,0
22.7,23.0,0.0,0.0,82,13.6,68,3,2015-08-29 23:00:00,0,1,0,0,0,0,0,0,0,0
22.4,22.6,0.0,0.0,98,13.6,70,3,2015-08-30 00:00:00,0,1,0,0,0,0,0,0,0,0
21.9,22.3,0.0,0.0,95,12.7,72,3,2015-08-30 01:00:00,0,1,0,0,0,0,0,0,0,0
21.4,21.9,0.0,0.0,86,11.8,74,3,2015-08-30 02:00:00,0,1,0,0,0,0,0,0,0,0
21.0,21.6,0.0,0.0,49,10.9,75,1,2015-08-30 03:00:00,1,0,0,0,0,0,0,0,0,0
20.4,21.3,0.0,0.0,16,10.2,79,0,2015-08-30 04:00:00,1,0,0,0,0,0,0,0,0,0
19.9,21.0,0.0,0.0,1,9.5,83,0,2015-08-30 05:00:00,1,0,0,0,0,0,0,0,0,1
19.4,21.0,0.0,0.0,1,6.6,87,0,2015-08-30 06:00:00,1,0,0,0,0,0,0,0,0,1
19.3,20.9,0.0,0.0,0,7.6,89,0,2015-08-30 07:00:00,1,0,0,0,0,0,0,0,0,1
21.2,23.0,0.0,0.0,2,7.0,81,0,2015-08-30 08:00:00,1,0,0,0,0,0,0,0,0,1
23.1,25.0,0.0,0.0,46,6.9,73,1,2015-08-30 09:00:00,1,0,0,0,0,0,0,0,0,0
25.1,27.4,0.0,0.0,68,4.7,65,2,2015-08-30 10:00:00,0,1,0,0,0,0,0,0,0,0
27.2,30.0,0.0,0.0,76,4.3,56,2,2015-08-30 11:00:00,0,1,0,0,0,0,0,0,0,0
28.9,31.5,0.0,0.0,95,5.4,47,3,2015-08-30 12:00:00,0,1,0,0,0,0,0,0,0,0
30.2,32.2,0.0,0.0,97,7.4,40,3,2015-08-30 13:00:00,0,1,0,0,0,0,0,0,1,0
30.7,31.5,0.0,0.0,100,9.5,37,3,2015-08-30 14:00:00,0,1,0,0,0,0,0,0,1,0
30.4,31.8,0.0,0.0,99,10.2,44,3,2015-08-30 15:00:00,0,1,0,0,0,0,0,0,1,0
30.0,30.7,0.0,0.0,100,11.1,45,3,2015-08-30 16:00:00,0,1,0,0,0,0,0,0,1,0
29.5,30.3,0.0,0.0,95,11.6,47,3,2015-08-30 17:00:00,0,1,0,0,0,0,0,0,0,0
29.0,30.9,0.0,0.0,80,5.4,50,3,2015-08-30 18:00:00,0,1,0,0,0,0,0,0,0,0
27.9,29.8,0.0,0.0,71,5.8,54,2,2015-08-30 19:00:00,0,1,0,0,0,0,0,0,0,0
26.6,28.5,0.0,0.0,93,6.5,59,3,2015-08-30 20:00:00,0,1,0,0,0,0,0,0,0,0
25.9,27.4,0.0,0.0,95,8.9,60,3,2015-08-30 21:00:00,0,1,0,0,0,0,0,0,0,0
25.5,26.6,0.0,0.0,100,10.5,61,3,2015-08-30 22:00:00,0,1,0,0,0,0,0,0,0,0
25.1,26.2,0.0,0.0,100,11.0,63,3,2015-08-30 23:00:00,0,1,0,0,0,0,0,0,0,0
24.6,25.6,0.0,0.0,100,12.3,65,3,2015-08-31 00:00:00,0,1,0,0,0,0,0,0,0,0
24.1,25.0,0.0,0.0,100,12.8,68,3,2015-08-31 01:00:00,0,1,0,0,0,0,0,0,0,0
23.5,24.5,0.0,0.0,100,12.1,70,3,2015-08-31 02:00:00,0,1,0,0,0,0,0,0,0,0
23.8,24.9,0.0,0.0,100,11.1,68,3,2015-08-31 03:00:00,0,1,0,0,0,0,0,0,0,0
23.4,24.7,0.0,0.0,100,10.1,70,3,2015-08-31 04:00:00,0,1,0,0,0,0,0,0,0,0
23.1,24.4,0.0,0.0,96,10.0,72,3,2015-08-31 05:00:00,0,1,0,0,0,0,0,0,0,0
22.7,24.5,0.0,0.0,98,7.3,74,3,2015-08-31 06:00:00,0,1,0,0,0,0,0,0,0,0
22.6,24.6,0.0,0.0,98,6.8,76,3,2015-08-31 07:00:00,0,1,0,0,0,0,0,0,0,0
23.4,25.5,0.0,0.0,91,7.0,73,3,2015-08-31 08:00:00,0,1,0,0,0,0,0,0,0,0
25.0,26.9,0.0,0.0,79,7.2,66,2,2015-08-31 09:00:00,0,1,0,0,0,0,0,0,0,0
26.7,28.5,0.0,0.0,93,7.6,59,3,2015-08-31 10:00:00,0,1,0,0,0,0,0,0,0,0
28.1,29.5,0.0,0.0,97,8.7,53,3,2015-08-31 11:00:00,0,1,0,0,0,0,0,0,0,0
27.9,29.2,0.0,0.0,99,10.2,54,3,2015-08-31 12:00:00,0,1,0,0,0,0,0,0,0,0
29.1,30.0,0.0,0.0,100,12.0,49,3,2015-08-31 13:00:00,0,1,0,0,0,0,0,0,0,0
30.2,30.9,0.0,0.0,99,14.1,45,3,2015-08-31 14:00:00,0,1,0,0,0,0,0,0,1,0
31.1,31.1,0.0,0.0,96,14.4,41,3,2015-08-31 15:00:00,0,1,0,0,0,0,0,0,1,0
31.5,31.3,0.0,0.0,91,14.1,39,3,2015-08-31 16:00:00,0,1,0,0,0,0,0,0,1,0
31.6,31.5,0.0,0.0,58,13.0,38,2,2015-08-31 17:00:00,0,1,0,0,0,0,0,0,1,0
31.3,31.8,0.0,0.0,37,9.2,39,1,2015-08-31 18:00:00,1,0,0,0,0,0,0,0,1,0
30.1,30.9,0.0,0.0,15,8.0,42,0,2015-08-31 19:00:00,1,0,0,0,0,0,0,0,1,0
28.0,29.1,0.0,0.0,5,7.9,49,0,2015-08-31 20:00:00,1,0,0,0,0,0,0,0,0,0
26.7,27.9,0.0,0.0,2,8.4,55,0,2015-08-31 21:00:00,1,0,0,0,0,0,0,0,0,0
25.6,26.9,0.0,0.0,6,9.7,61,0,2015-08-31 22:00:00,1,0,0,0,0,0,0,0,0,0
25.0,26.4,0.0,0.0,18,10.1,66,0,2015-08-31 23:00:00,1,0,0,0,0,0,0,0,0,0
